ASV_ID	SRR14320150	SRR14320151	SRR14320152	SRR14320156	SRR14320158	SRR14320159	SRR14320164	SRR14320165	SRR14320167	SRR14320169	SRR14320170	SRR14320172	SRR14320175	SRR14320176	SRR14320178	SRR14320179	SRR14320182	SRR14320184	SRR14320187	SRR14320188	SRR14320189	SRR14320192	SRR14320194	SRR14320195	SRR14320197	SRR14320198	SRR14320199	SRR14320200	SRR14320201	SRR14320202	SRR14320203	SRR14320204	SRR14320207	SRR14320209	SRR14320210	SRR14320212	SRR14320213	SRR14320214	SRR14320217	SRR14320219	SRR14320220	SRR14320222	SRR14320224	SRR14320225	SRR14320226	SRR14320227	SRR14320228	SRR14320229	SRR14320230	SRR14320231	SRR14320232	SRR14320234	SRR14320235	SRR14320236	SRR14320237	SRR14320240	SRR14320241	SRR14320243	SRR14320245	SRR14320246	SRR14320247	SRR14320248	SRR14320251	SRR14320252	SRR14320253	SRR14320148	SRR14320149	SRR14320153	SRR14320154	SRR14320155	SRR14320157	SRR14320160	SRR14320161	SRR14320162	SRR14320163	SRR14320166	SRR14320168	SRR14320171	SRR14320173	SRR14320174	SRR14320177	SRR14320180	SRR14320181	SRR14320183	SRR14320185	SRR14320186	SRR14320190	SRR14320191	SRR14320193	SRR14320196	SRR14320205	SRR14320206	SRR14320208	SRR14320211	SRR14320215	SRR14320216	SRR14320218	SRR14320221	SRR14320223	SRR14320233	SRR14320238	SRR14320239	SRR14320242	SRR14320244	SRR14320249	SRR14320250	SRR14320254	SRR14320255
ASV1	26387	15846	17894	23673	37370	21959	30084	23340	43489	21972	16397	30077	25093	31477	149	41537	51	22493	30549	24345	27493	26840	65	21422	33315	27069	45	17522	26514	33715	12337	99	40596	24492	19557	26121	13628	12781	18309	25063	24764	21287	30	60	32555	22432	24298	14238	27	28937	22310	20465	35862	26281	15962	28869	27583	30101	29348	29355	26588	26864	42417	22011	31284	29054	11727	57	137	18742	23411	28858	24524	31151	23097	26502	35773	26219	12660	40437	19635	27566	24420	23951	19531	33189	23655	24548	27491	22478	26964	32460	25020	22638	20467	23269	26164	22425	35429	26266	92	33281	27766	18374	35523	23072	39746	19142
ASV2	26702	16241	16520	23834	37631	21821	27984	22730	43094	22393	16726	29194	24659	31137	147	41426	52	23005	30912	24502	27769	25980	53	21349	32590	26617	43	16604	26084	34051	11762	120	41105	24793	18998	26411	12753	12546	17765	25205	24008	20990	22	61	32276	22681	24141	14972	38	28824	21829	20512	34229	25721	15754	29366	27845	28697	29558	29778	27318	26555	41388	21209	31423	28220	11457	62	131	18928	22803	27769	24685	31135	22921	26692	35415	26423	12588	39178	20415	26911	23779	23832	19917	32463	23852	24803	28852	23427	26785	32420	25119	22413	20433	23131	26479	22097	35382	25585	89	33160	27552	18263	35710	23459	40466	19611
ASV3	16813	3048	6055	1937	1806	9632	14334	6897	2234	2180	12038	6226	290	4696	51	5743	27	10972	18551	2284	22492	14013	25	4527	38039	44680	33	1982	61672	1425	3032	75	61325	906	2951	21994	6763	3365	3759	15694	4642	19613	15	27	50	4614	11967	3366	20	37541	22625	22638	4133	12963	6409	10894	4361	8245	24974	26230	1793	1588	2546	10013	1167	6713	223	24	39	2626	5185	25415	4388	4682	1461	1661	34169	16903	1400	72	1067	8729	18770	2280	3768	77	4289	20823	19476	17842	16984	17764	2262	19821	920	12260	10898	355	50405	1839	68	4287	20392	2065	17335	4534	2123	69
ASV4	91	45	2635	476	87	48	38731	726	715	105	2150	714	25565	162	88	354	23	40	237	193	33932	3972	32	5324	33106	2578	12	1492	10257	40	123	40	209	18898	5096	1114	31456	145	37201	124	57	103	0	21	5680	46	1687	64	30	575	9576	420	83635	8358	166	498	91	61672	233	715	114	2879	32425	4874	2234	127	244	23	33	11742	2489	108180	837	271	60	121	71	132	181	3456	78	213	19037	135	119	32616	99	4070	344	897	353	3210	88	1656	2842	318	9368	389	14349	294	21	203	1182	2238	77	129	138	1245
ASV5	639	13861	2054	1925	349	2434	1376	8785	49	477	12834	4506	20	623	26	2776	0	2791	24188	2223	1544	9487	0	0	30	24	15	763	14885	34938	6536	32	4231	1440	17	3988	9909	244	14507	17847	412	28	22	22	39	1554	38448	1835	0	31	6998	688	2790	5338	1412	1800	4431	2801	24316	37	5203	30	170	3354	1987	4285	19	17	17	717	28	3733	9620	5132	5004	1552	6688	8340	741	33	2074	6252	23	846	4479	48	110	6307	4027	630	6807	4991	522	38	392	6383	16	5855	37	762	0	21049	6159	331	101	3213	1525	17407
ASV6	4365	2742	3035	4251	6421	3904	4922	3864	7889	3955	2745	5231	4059	5550	31	7246	7	4014	5106	4489	4811	4419	8	3570	5844	4605	6	2969	4361	6036	2147	19	6917	4315	3403	4533	2117	2089	3145	4219	3884	3671	6	9	5545	3750	4038	2132	12	4862	3751	3353	6136	4608	2693	5042	4647	4913	5271	5184	4709	4497	7503	3756	5391	5013	1952	6	25	3251	4213	4654	4314	5385	4155	4607	6115	4633	2230	7280	3330	4924	4263	4181	3544	5787	4037	4106	4691	4004	4796	5712	4540	3718	3523	3901	4515	3777	6279	4628	18	5586	4842	3080	6445	4070	7275	3311
ASV7	1581	6203	2071	206	44	0	148	3666	85099	0	29	14	18782	462	12	4533	14	2503	28	4800	25	46	8	695	21	28	0	1813	2296	347	560	23	15808	4436	13	49	0	0	6761	0	1847	13448	0	14	19	2702	0	96	0	21149	14	15750	4838	0	0	0	274	0	23	26	6846	0	0	22164	522	24665	198	0	8	0	0	30	1333	1105	15	16770	22	44	0	0	8063	5316	0	16212	14	29	12012	8248	34460	34	0	60	221	25328	19	29	0	126	0	1855	14	7882	0	195	895	3889	2342	1806
ASV8	2258	0	6199	493	20754	5306	28	77	24	2722	1977	37995	16	234	31	16066	20	51	12557	0	1168	6348	0	21	21	20	0	843	0	15080	6784	30	51	5201	0	0	4397	5442	0	25	10341	1288	0	15	21	227	0	0	0	14050	0	0	935	0	0	0	46572	15634	15275	4088	0	27	23	14980	27	2769	14	21	12	3287	32	0	0	1347	0	104	5257	14472	6484	28	10816	0	21	6869	4302	38	3913	11040	10489	7098	18	50	4843	0	23	15	22	0	32	3424	0	12224	0	6269	6440	10654	2887	17
ASV9	0	452	151	0	16	105	9606	809	676	0	4864	3396	22104	130	13	0	0	1348	5397	52	5448	3829	9	655	19001	14701	0	11	14487	18	58	10	996	16	3196	5344	751	126	230	2383	19	6994	0	9	20	0	1709	14	0	8337	1635	2639	671	5401	766	731	104	19	7586	1967	73	1309	0	3163	658	218	520	12	11	152	415	5446	31	342	578	70	4437	1250	0	65286	291	28	17646	10	140	9448	12850	3860	803	44	2412	26909	300	4705	13835	2189	16094	16	18112	0	0	143	3316	180	16016	191	142	2946
ASV10	3055	2054	2017	3127	4903	2756	3707	2931	5680	2873	1859	3858	3048	4055	20	5246	8	3076	3889	3299	3650	3263	8	2512	4344	3345	4	2116	3171	4214	1484	17	5142	3171	2552	3232	1710	1517	2343	2931	2848	2734	7	7	4004	2894	2951	1543	5	3604	2702	2346	4630	3283	1936	3590	3357	3650	3622	3649	3437	3237	5419	2660	3978	3700	1430	13	18	2552	3066	3631	3110	4010	3029	3368	4217	3421	1574	5347	2438	3505	3081	2993	2408	4434	2934	3110	3374	2664	3503	4229	3243	2697	2559	2854	3122	2894	4400	3155	17	4126	3468	2279	4594	3008	5289	2429
ASV11	13722	0	15922	15411	5011	61	27	1762	12976	6670	8420	697	17	1105	19	14739	0	3656	38	275	28	32	0	0	14	21	0	3641	0	4366	1199	22	0	9352	0	0	0	3485	0	4002	8211	0	0	0	18	5022	38	4017	0	27	3069	3115	301	0	3325	20242	7148	1454	0	0	5217	0	231	0	5127	1704	0	0	26	1614	0	0	626	1729	0	6645	0	35	1482	19	6598	1137	0	2550	24	36	0	313	6657	6472	0	38	286	18738	19	0	0	1749	15	4069	0	3565	0	3712	17	7359	19396	24
ASV12	7958	2105	2777	6827	2932	1339	2275	5343	2628	193	3993	8826	2403	2486	18	3992	12	5661	7508	751	0	5278	0	100	1673	24	5	1762	4011	2542	2083	16	25	344	0	9659	1641	2974	1009	9951	3182	640	0	0	18	783	8458	464	0	3784	3602	313	2899	0	948	8163	1979	6246	4403	18	2575	5420	297	5969	893	4258	399	7	0	1721	16504	4956	415	3204	980	1271	8063	2909	899	2860	1466	1698	0	1168	1004	16	1807	3264	7065	2497	0	4289	170	3197	0	3676	0	788	14628	746	0	4679	7528	692	562	3739	2495	16
ASV13	473	380	1517	583	80	868	409	572	1881	0	17	15800	10096	4404	10	0	0	136	32576	1904	21	22	0	3656	20	226	0	1431	1166	0	213	17	5015	1009	1257	124	440	0	627	14003	133	1528	12	11	16	204	5979	20	0	6500	11	6118	1110	2809	3629	9	488	2196	1024	3899	14	22	0	2913	127	4074	1161	9	9	375	10662	5295	170	1879	1786	1730	12706	1344	0	13	3143	1112	8	19847	18	16	331	373	6927	166	1733	22	195	20	3255	6293	0	138	34	982	11	1503	48829	4341	258	432	1406	726
ASV14	2785	1062	960	8858	2037	2601	23	1781	2066	910	86	3687	0	136	0	6800	0	1957	1294	5361	0	183	0	0	26	0	0	4307	1270	4035	905	0	30	1753	0	4929	4003	965	541	16547	2207	0	0	0	27	4348	900	349	0	0	11335	24212	587	19	3369	0	7779	1426	14	1131	20840	50	0	20	7072	1505	0	0	24	1056	0	166	1640	2233	0	3165	400	1356	7020	24	194	17153	14	1020	888	27	0	0	5215	787	0	2002	3359	0	6291	465	16	2320	24	5615	0	0	4252	4576	0	31352	2282	1427
ASV15	0	17	4029	1193	0	1302	0	15	21	286	0	6386	15	26	38	1756	5	0	2661	0	0	29	0	6226	0	660	9	21	0	0	783	19	32	0	0	8528	868	4582	0	18256	26	0	0	8	20	3035	22	84	12	15229	18522	15706	600	6687	0	19	0	4824	16	17	3576	40	22	0	1255	22	13	12	23	38	14	19	0	3290	266	6059	4617	2346	1103	16	28	10142	18	21	19	36	14	17	26622	0	16	16845	16	19	12	0	18	296	17315	0	0	11220	13932	2986	15	11	4544	14
ASV16	0	5436	2466	4004	0	0	138	0	247	769	11067	0	580	0	29	1334	0	0	0	1983	0	4500	18	822	46	5968	18	781	8968	6310	20	0	0	162	1618	3177	0	56	8382	0	227	238	0	23	34	4307	0	13700	0	172	0	329	465	0	0	2414	3774	0	728	0	3600	0	125	0	7772	16992	0	0	0	429	720	3592	6160	0	1671	48	44	3742	0	13878	14740	7939	17	136	594	49	1030	2637	33	999	9477	12375	0	0	23	4888	0	2261	0	1447	0	660	6805	150	9537	5590	657	8893
ASV17	859	1246	3537	6996	1742	1865	18	887	213	511	3857	11	13	3289	12	8560	0	1108	13	0	15	10328	0	1016	17	11	8	1000	14178	858	802	13	34	293	1448	12339	1948	2498	1720	3420	16	4795	7	5	19	2880	6305	604	0	13612	14	6972	1334	20740	1847	7581	1114	5756	12	19	4370	17	13	4472	1034	16784	11	0	14	664	1067	17	5	9	0	1527	12773	4458	246	15	221	3555	0	173	265	22	6622	13	6869	705	17	12	1182	11	17	0	12	552	7	7	0	2397	5152	1812	13	1698	910	11
ASV18	1215	0	1061	1950	17	9	16	4844	28	1045	6993	17	32	6163	28	1227	23	6784	23	11	29	136	25	27	7	30	0	2094	0	2822	7916	30	0	2125	0	0	0	365	2106	84	31	0	0	0	15	1760	1408	8	40	30	47	15026	327	0	1541	43	61	1240	0	0	122	0	49	0	37	6261	0	0	8	2302	0	0	4099	26	0	38089	0	35	1446	11	11629	3648	0	29088	13	17	23	1744	6570	596	0	47	4697	44	14	0	0	10536	12	16877	19	12030	0	2718	16	338	184	19
ASV19	41	0	21	159	7040	0	2217	0	83	0	914	9784	0	22	18	0	0	3925	0	11018	20056	0	0	0	14	124	5	0	18	10339	0	21	33450	0	92	140	0	800	0	108	321	0	0	11	17	6195	19	219	0	0	0	0	0	17	254	635	3486	0	0	16	0	41	500	0	9294	2137	0	20	36	0	0	0	0	6434	72059	0	0	0	0	0	217	0	7	0	1249	36	0	0	0	9582	0	0	80	0	0	426	13	93	0	153	0	0	7737	0	0	923	0	272
ASV20	1747	0	5819	11692	316	979	24	1745	17	338	7315	0	0	7907	25	7355	9	0	134	9	0	0	0	0	21	0	0	1523	0	183	169	12	0	152	0	0	0	1132	0	8977	0	0	0	0	11	607	0	1157	0	0	28366	0	250	15903	2307	5479	5119	5810	9321	0	188	24	9776	2976	0	7700	0	10	0	1827	0	16	307	0	0	960	0	22	415	23	428	139	0	421	1236	0	33222	0	5819	676	0	0	77	0	0	0	16	466	13	1056	0	745	0	509	10	332	557	17865
ASV21	0	2812	3221	2643	1873	0	10	0	29671	4049	0	8	5	1692	18	3652	2	5	10	0	0	8	0	18743	6	12	0	3243	11	0	0	6	9346	565	0	2752	0	2101	1195	0	166	0	0	0	10	640	0	0	0	0	0	0	740	7	0	34376	1952	841	2247	0	7	46971	0	3435	134	10	2683	3	6	2511	0	6	782	0	0	10	9	16	0	11	3368	1499	7	1764	1998	16	6	3	14	4519	0	20	220	14	6	0	0	3309	7	0	3	895	7	8543	0	0	4434	2973
ASV22	4263	665	725	432	1138	493	1589	1287	18	444	124	0	281	716	21	8196	14	2149	24812	857	3209	1568	0	830	0	2924	0	2002	0	1096	919	15	46	300	0	7803	773	192	359	723	3108	3058	0	14	20	717	10549	613	0	386	130	24	1279	278	1103	911	1075	2401	7268	17	1052	15517	1212	3210	426	5296	15	0	0	798	0	1327	656	1928	1522	2624	10039	2726	324	0	134	4670	17	131	226	141	5018	1840	1352	689	1655	3353	808	0	1328	6802	0	540	8290	0	0	19256	2224	153	290	741	0	2469
ASV23	3380	831	0	7153	364	0	14	2369	0	2892	2694	10155	9	2379	12	2811	0	1874	2279	0	9	2211	0	0	0	1192	0	2672	0	550	774	8	3304	674	0	4054	2395	3100	978	1716	2091	3290	0	0	14	3064	1994	1740	0	0	12	18001	760	269	880	5158	2735	1787	21	3357	6663	12	3701	354	1156	1539	572	0	7	1494	4511	0	1498	1126	11	17	10	4085	735	0	901	1819	0	1105	1297	0	2499	5454	5829	6309	0	4795	634	10237	0	0	0	1476	0	1348	15	3207	7386	2064	2923	893	1432	2983
ASV24	644	8157	0	4608	831	82	12653	532	0	92	0	1056	0	0	0	279	0	0	8978	1567	0	0	0	0	0	0	0	3871	2137	1516	1177	0	0	333	0	257	0	633	1721	0	16685	0	0	0	0	4389	2102	931	0	0	7788	2244	685	1946	1239	9181	5198	197	0	11197	2557	0	0	0	0	0	0	0	0	601	0	6496	4364	912	0	0	4623	0	198	0	746	773	0	6146	0	0	0	113	2520	0	0	0	1245	14784	0	0	0	6272	0	1486	42	2512	242	4581	0	3485	2728	4452
ASV25	272	2409	273	1151	0	0	3	2977	0	1267	374	1172	633	0	0	0	18	3896	10886	14	7378	0	0	0	0	0	0	174	0	0	0	49	3049	0	0	7811	19711	885	1675	0	1927	0	0	0	0	0	30	0	17	0	0	0	132	0	0	0	1038	0	0	0	142	9443	94	4290	2608	6884	0	0	0	278	12460	0	657	3555	695	0	0	0	0	2284	0	6126	0	285	1044	0	2043	24273	0	53	2858	3851	1179	0	0	5848	0	4547	1407	624	0	1148	4648	509	1324	2275	741	7485
ASV26	7222	1102	176	3124	985	206	338	364	20294	13	2248	215	348	10292	0	163	0	96	2059	717	669	586	0	625	201	716	0	1383	930	32	17	0	6213	6004	115	2140	240	269	114	245	590	904	0	0	4826	414	1801	106	0	1036	620	5113	203	872	178	1164	2763	3813	476	1288	335	3785	540	218	85	294	287	9	14	90	2479	250	10067	3088	255	359	37	343	117	480	4849	519	42	4133	16584	1396	530	560	475	472	80	1562	60	739	474	689	447	376	1277	450	0	45	1857	246	7278	6463	184	489
ASV27	53	3307	58	318	7139	3179	0	876	0	838	196	0	21	0	0	1052	11	4041	21	530	4840	1388	9	50	15	46	0	593	0	136	15	0	10592	532	217	1260	1713	83	1659	107	115	15	7	0	0	2469	0	5508	9	101	17	97	172	0	831	170	1224	2789	359	0	4151	0	522	151	2823	868	443	0	0	220	4204	4034	9101	2196	0	7128	2671	133	1555	17	820	3222	0	26	2081	0	125	2725	7935	1686	5026	8291	184	16306	5642	6642	0	1463	0	4752	9	126	0	1909	30	233	29	972
ASV28	4131	5	6631	6707	6991	0	17	11	14	800	916	6	20	6634	22	4110	0	684	9633	5	11	13	0	13	12	10	0	504	11	7	304	15	14	1465	0	10	5516	3436	8604	0	3722	6	0	8	13	9112	0	751	0	0	11174	3602	1059	9	0	1717	2356	510	10	11	93	8	931	11	1887	11	0	7	17	3623	0	15	745	7411	5	0	18	23	867	9	5616	1090	5	4343	0	7	12	344	9863	6060	16	32	754	0	10213	0	7	1833	16	2199	0	1345	0	2678	2085	15	2923	10
ASV29	1874	1083	574	2058	728	95	805	109	7	13	776	2442	78	606	9	1304	5	828	8776	1246	410	949	0	536	7	10	3	595	0	647	229	8	7108	160	725	6887	7	2986	1559	1389	4157	58	0	0	14	360	9703	230	0	3791	2349	3250	330	7479	242	205	7743	903	4153	72	1064	16	6	768	1513	2723	0	5	0	813	4	1874	1112	3006	845	1079	10342	4286	428	342	1401	414	0	764	741	9	8840	2070	6336	143	181	145	230	7119	55	0	3	475	1766	452	0	7	16	208	383	1407	965	10
ASV30	231	406	3219	2426	3747	0	0	224	0	42	5110	1897	118	1206	20	0	0	202	3353	502	14	1556	0	115	1380	0	7	934	0	1881	116	0	188	187	0	6289	0	496	98	754	2242	0	0	0	10	44	9566	97	0	0	0	0	0	716	0	758	6287	5507	0	0	2931	0	0	193	9357	4092	0	0	33	2036	0	3989	137	3213	0	139	0	2230	508	0	0	405	304	868	5582	0	0	9659	607	1101	0	0	1798	0	0	1541	0	226	0	400	0	7821	675	2380	0	2022	1237	2794
ASV31	7	0	143	7	20	0	256	0	0	645	1181	0	0	16	40	0	0	0	11272	53	1271	0	0	36	16459	0	0	0	2021	0	0	0	0	322	19765	22	655	0	0	0	460	10	0	0	0	19	0	0	0	22	0	19	49	14419	0	39	0	0	0	278	0	426	0	0	1599	142	0	0	13	5170	0	0	0	291	0	1026	1076	0	0	0	1972	0	0	0	0	13294	0	953	0	14	0	514	0	0	803	0	0	17	28579	0	10	17	1567	0	0	12	655	0
ASV32	23	24	31	15	13	15	38	13	34	19	61	15	21	23	14434	28	10618	15	36	22	37	29	10332	20	38	19	10920	10	18	12	13	13001	75	21	18	18	18	23	15	15	21	21	9688	12088	79	17	20	20	10518	86	9	12	23	17	13	34	18	13	15	21	23	17	21	14	46	25	21	10836	10329	15	15	24	20	21	25	46	31	67	10	32	27	14	13	16	37	49	12	35	29	24	28	33	16	29	26	15	17	17	15	18	10924	29	9	8	11	9	40	27
ASV33	25	23	36	14	25	13	23	10	32	15	55	15	22	16	13456	21	9537	28	21	30	37	30	10076	22	42	22	10640	19	31	23	17	12013	82	23	17	14	16	22	23	29	12	19	9171	11576	73	13	25	21	10545	58	15	14	22	19	8	27	16	19	11	21	27	15	25	11	47	34	31	10373	10105	24	17	38	12	19	25	25	35	82	11	30	18	14	9	21	30	47	22	46	37	21	28	32	20	22	29	15	18	8	20	14	10410	33	19	21	13	6	34	29
ASV34	532	659	640	630	2020	2226	3422	449	222	314	1349	250	22	401	12	801	0	1552	1441	940	0	1406	0	849	0	298	0	599	1509	1438	696	0	359	147	52	5223	810	458	193	775	1389	347	0	0	0	2533	269	956	0	1016	8877	1476	488	538	4684	77	1713	2029	1993	3244	1758	0	64	606	1563	290	0	0	0	1014	364	0	1469	1156	1565	302	4201	2398	400	0	1647	2013	0	0	237	0	0	469	4232	2374	645	4048	482	4638	0	483	0	199	3636	684	0	646	1472	610	383	941	1388	5683
ASV35	7	1320	253	0	1754	1414	1258	1519	7	8	2026	17	0	12	6	35	0	4108	0	330	1179	897	10	0	5	12328	0	2199	0	0	0	9	987	3234	0	4828	3	2190	78	4461	7272	5755	0	0	0	3502	0	0	0	12	9	0	0	4	0	4	5297	0	8	4	0	7	2105	4	3875	5589	3	5	9	0	4	5	2338	1469	5	8	995	696	2544	12	2953	3359	0	6	3140	0	954	2248	460	4	0	2248	1580	4	5	5	0	0	0	60	0	1736	2916	1431	42	114	2451	237
ASV36	4347	1464	713	3057	60	324	0	2506	2905	600	192	147	0	130	15	1938	0	499	1441	229	0	423	0	0	0	0	0	48	0	415	385	9	0	184	0	4754	0	503	508	4239	3745	0	0	0	0	170	3641	923	0	0	0	3009	379	0	0	1028	2009	607	0	1678	2729	200	250	8323	347	985	0	0	0	2273	0	0	161	878	0	3968	3688	5967	581	13	498	830	0	525	317	0	0	134	2801	1754	0	2991	29	0	0	0	0	239	0	624	0	17490	250	387	580	422	1085	0
ASV37	22	4809	100	42	363	705	256	454	0	55	499	229	0	8	0	41	0	1329	3271	246	7544	98	0	86	19734	556	0	83	1080	1481	3567	10	3854	228	682	317	101	336	200	41	96	0	0	0	4	352	0	256	0	0	0	93	0	0	101	120	1410	0	6	142	415	0	139	0	1003	360	10006	0	0	62	137	0	2490	395	83	1035	537	9	19	0	1078	514	0	0	1701	13787	445	1008	1199	135	1270	1773	30	0	1615	0	0	1053	59	1851	0	49	921	170	203	189	2710	3743
ASV38	0	6	0	284	8	0	8	0	10	0	139	7	0	8972	0	71	0	0	38	0	17	194	0	0	6	0	0	3	2	0	0	7	147	0	3	0	111	0	0	0	0	0	0	0	84299	0	9	0	24	0	5	4	4	974	0	1371	2524	0	12	31	0	0	0	0	0	0	0	0	0	0	0	0	0	0	0	0	0	0	0	0	0	0	0	0	0	0	0	0	0	0	0	0	0	0	0	0	0	0	0	0	0	0	0	0	0	0	0	0
ASV39	4733	1430	791	2039	2781	2336	1723	1224	216	696	914	5354	0	479	0	299	0	90	241	1647	0	0	0	41	0	429	0	333	0	2137	739	0	2618	144	0	3300	216	877	525	0	4715	0	0	0	0	140	1193	1193	0	0	2345	0	124	8244	612	775	647	660	549	0	5736	0	361	0	756	760	2199	0	0	1296	0	0	348	703	0	100	0	2974	933	0	0	2958	0	58	358	0	0	435	0	2571	772	2732	748	1848	0	0	0	1616	0	2260	0	5732	614	501	242	1573	1386	3127
ASV40	32	1246	0	267	261	0	0	546	74	60	84	266	21	0	0	414	0	10145	7369	958	0	827	0	72	0	675	0	37	0	869	2084	0	0	0	0	922	663	409	1834	0	53	0	0	0	0	348	8	1170	0	0	0	228	0	0	38	112	3199	0	35	19	168	554	445	0	774	108	0	0	0	464	0	0	1357	574	83	12	0	56	152	0	0	204	0	0	651	6621	171	3295	306	241	17425	2894	123	9297	2913	0	0	146	12	257	0	0	13129	937	0	641	2223	1801
ASV41	1954	749	830	2252	458	0	1944	1143	0	1085	788	654	0	459	11	1869	0	2378	4095	0	4191	193	0	1714	14	1216	0	2410	10	452	195	10	3619	163	0	294	0	823	437	856	870	603	0	0	0	338	1984	64	0	431	1825	6553	590	1111	1373	57	648	149	1290	59	293	52	0	1394	587	2294	0	0	0	1158	12	0	1450	485	0	2100	51	1044	521	0	368	1770	0	378	0	5	3610	3127	8031	2453	1882	0	172	1309	0	12	0	358	17	1590	16	2007	11	1461	0	0	690	12
ASV42	4250	91	1567	3723	1534	154	7	19	17	910	458	1400	166	7312	14	294	0	281	1165	455	7	1272	0	664	351	4114	0	1043	0	145	328	5	10	18	76	263	0	0	545	316	1262	36	0	0	8	376	91	8	0	9789	330	1990	29	885	174	3081	5143	506	569	463	1053	544	239	2094	223	287	0	0	0	1867	553	527	25	1132	64	2498	180	1427	711	5066	49	75	0	2931	0	0	378	940	192	2078	55	8	0	19	8	10	767	368	297	1373	0	14	416	980	38	682	1511	1288
ASV43	406	0	8	0	0	2	566	0	14091	0	32	0	6	323	8	0	0	0	487	0	0	29	0	156	0	15	0	0	5	0	0	6	836	1316	0	0	0	0	92	0	5	0	13	0	5234	0	0	0	0	0	6	0	33	16	0	8	58	0	0	1114	0	30578	4	0	0	0	292	5	0	35	12877	319	94	34	0	814	0	14	0	0	866	320	0	6648	0	55	28	4	0	5	0	8	0	0	219	0	8309	8	0	402	0	0	8	0	23	7	9	0
ASV44	1209	0	836	1365	114	1067	4727	2409	0	147	397	0	0	4039	0	645	0	1014	0	0	0	0	0	0	0	0	0	7	0	723	782	0	0	246	0	8813	0	1713	1140	12796	1964	1163	0	0	0	1486	0	164	0	0	0	0	182	0	0	1924	768	1238	0	0	1310	606	234	0	0	2013	0	0	0	32	0	0	0	0	0	0	5163	0	491	0	0	0	0	484	344	0	0	0	4634	1398	0	3611	121	0	0	4362	0	231	0	987	0	844	1924	349	0	1873	465	0
ASV45	33	1318	355	331	2170	858	210	1200	0	4695	101	744	0	7	0	472	7	2852	0	0	7893	0	0	0	0	0	0	106	6	3295	0	0	0	1253	6	130	0	1505	1196	0	441	0	0	0	0	3258	0	1141	0	8	0	0	65	8	0	8	1815	0	0	0	1802	0	8949	0	1410	0	0	0	12	56	0	4	0	0	211	627	0	198	0	4	8	5854	0	0	1496	0	0	0	3346	1653	0	3404	1527	5	9	0	5	1421	0	0	6	0	0	2270	30	715	2569	0
ASV46	0	1253	24	0	3	0	0	5	141	0	0	179	5	0	0	0	0	591	1349	0	0	191	0	0	0	820	0	0	170	0	208	0	0	0	0	6	0	135	777	415	1529	41	0	0	0	213	0	0	0	5452	391	360	0	0	457	1698	0	2804	13995	0	17	1378	0	2161	79	186	0	0	4	5	0	0	0	0	0	84	2045	122	42	0	0	1864	671	136	25	0	0	6	12602	1075	0	5	101	0	265	0	4	33	3900	0	0	5787	2360	217	6	268	0	0
ASV47	0	102	0	0	46	287	865	0	0	0	120	311	137	0	0	30	0	383	542	64	1206	167	0	6256	1933	1167	0	0	578	17	19	0	393	47	1224	278	203	0	24	526	28	223	0	0	0	21	24	67	0	37	1024	131	0	565	23	0	42	0	154	394	54	74	226	48	70	41	1162	0	0	9	0	835	246	50	308	162	48	316	0	471	123	161	1617	0	66	31902	2416	397	145	83	927	270	41	643	912	170	3227	0	1259	41	0	38	0	0	135	29	41	91
ASV48	192	340	606	403	108	743	874	1923	12	46	31	1493	21	129	8	1720	0	0	1453	587	739	1434	0	2703	0	452	8	289	0	97	1811	0	826	212	0	0	7	0	460	2641	428	2467	0	7	0	448	703	160	0	3763	1318	2823	217	2856	273	1556	504	1655	461	6049	747	109	1730	242	124	411	7	0	0	391	0	0	0	1253	0	455	933	324	265	0	166	632	10	74	144	9	860	393	703	507	2432	1128	0	1970	0	0	10	92	0	393	0	1068	0	0	417	1075	973	0
ASV49	1270	0	495	592	0	0	0	445	781	563	0	0	0	369	0	216	0	338	0	400	0	30	0	252	0	0	0	772	0	1053	1543	0	0	478	0	0	0	1422	0	0	285	0	0	0	0	2827	2835	686	0	0	0	0	368	0	0	0	2384	1202	0	0	229	0	35	0	3194	0	5	0	11	24	0	0	23	3170	0	5912	0	9	282	0	0	55	0	898	284	0	0	0	3464	1083	674	1325	0	11	0	0	0	2550	0	1154	0	230	2169	6963	0	0	3834	0
ASV50	0	809	63	84	84	140	361	63	0	0	0	449	0	14	0	226	0	599	1702	39	85	2712	0	0	0	1105	0	49	1167	262	116	0	0	0	0	1560	0	0	80	1638	1302	603	0	0	0	430	0	1217	0	0	0	0	0	0	0	859	519	369	10762	0	68	5	0	683	326	1649	0	0	0	20	1245	0	1244	124	0	171	0	0	44	0	134	641	0	42	382	0	5215	0	949	156	0	424	395	0	1253	0	0	0	730	0	0	2551	279	158	7853	670	72	0
ASV51	387	138	17	598	51	257	274	318	0	314	74	0	0	239	0	2233	0	887	7311	122	828	3349	0	531	0	1884	0	461	0	7	39	0	0	177	0	0	323	97	8	20	47	6	0	0	0	9	2197	0	0	0	153	0	267	67	624	899	1776	1736	12	0	288	80	14	0	113	152	0	0	0	158	0	513	2378	64	208	98	52	621	152	0	0	1029	0	35	87	48	4617	1286	784	20	0	1045	37	0	7	2069	0	101	2375	0	0	3953	0	209	679	1217	3710	8
ASV52	0	5076	674	0	0	0	29	0	0	195	19	582	0	20	0	351	0	0	0	44	0	0	0	14	3807	2957	0	56	0	386	85	0	3093	603	0	73	0	0	0	98	0	0	0	0	0	5	0	0	0	0	0	0	58	0	99	0	4188	3561	30	385	689	0	0	0	77	4672	703	0	0	0	2670	0	0	0	50	921	621	0	63	0	739	258	0	0	623	0	0	0	7	245	13363	88	0	0	0	0	0	4	0	2535	0	31	0	488	27	0	231	557
ASV53	0	564	201	0	316	310	1628	210	0	132	1156	793	0	684	0	614	6	0	935	988	0	2572	0	358	12	0	0	8	2530	124	223	17	0	197	0	0	0	870	786	0	6966	0	0	0	0	34	0	261	0	910	885	2036	630	1246	0	749	633	240	0	0	838	128	77	0	574	1034	0	0	6	497	0	1892	296	565	0	0	233	4659	183	0	205	619	0	57	71	14	1176	719	1748	143	0	0	0	18	1660	140	0	244	818	62	7	5506	0	0	0	540	60	0
ASV54	0	898	404	314	1595	0	147	814	0	431	1061	2031	0	4	6	2449	0	266	8	0	0	0	0	1977	9	0	0	475	0	0	0	4	4325	1538	0	0	0	476	1847	199	586	0	0	0	0	0	0	288	0	20	0	0	0	0	0	9	3740	0	16	0	1351	0	0	0	2137	0	0	4	6	356	0	6	1210	670	916	7	0	27	964	0	3840	970	0	25	0	0	0	0	0	1340	0	2015	0	0	0	2073	4366	1016	0	999	0	53	0	1130	0	0	0	2551
ASV55	146	491	423	776	216	195	0	40	0	36	688	230	0	156	0	679	0	466	0	0	0	4074	0	1326	0	0	0	73	1256	443	464	0	0	80	0	3604	0	60	274	2583	870	2230	0	0	0	1330	594	4810	0	659	676	0	107	0	0	747	983	345	0	210	383	0	0	1602	260	783	0	0	0	153	0	0	0	130	60	117	824	2544	183	0	753	286	0	0	607	6	521	0	904	359	499	271	115	3885	0	0	0	184	0	22	0	1781	605	393	2092	433	462	0
ASV56	28	671	147	0	0	0	1545	258	0	223	656	265	3889	0	0	146	0	730	403	343	948	0	0	1895	9489	18	0	21	0	40	143	0	30	128	3377	81	613	96	96	1029	0	0	0	0	0	52	0	388	0	0	333	0	280	0	0	169	95	0	0	0	112	0	1583	0	81	0	616	0	0	82	0	0	837	720	527	0	30	175	0	363	2578	206	0	0	56	0	0	24	202	49	430	1565	364	814	500	0	0	50	2298	163	0	0	1915	190	958	78	156	0
ASV57	4	107	0	0	9	10	914	0	0	41	248	641	463	5	0	0	0	11	1450	50	7537	16	0	0	1079	5177	0	10	237	0	0	0	1544	0	91	64	19	0	31	23	0	187	0	0	0	13	268	0	0	22	775	83	17	332	202	60	38	38	981	842	0	32	14	52	31	39	51	0	0	57	428	780	517	383	480	59	331	12	0	2463	22	25	4072	0	130	1644	1442	203	25	9	1083	91	14	172	2297	349	723	0	1332	77	0	21	630	0	542	0	59	715
ASV58	1217	700	424	1869	314	0	0	367	0	415	922	1436	0	431	4	724	0	0	0	166	402	692	0	1255	1072	0	0	326	0	122	147	0	920	284	0	0	384	430	221	0	0	0	0	0	0	405	797	2103	0	0	0	3275	133	0	256	808	652	483	0	0	359	0	267	1126	372	707	194	0	0	421	0	0	309	536	0	301	805	0	101	0	1698	604	0	283	544	0	0	713	1485	1588	636	858	237	1863	244	0	0	188	0	127	0	357	1146	330	599	250	279	1005
ASV59	388	201	294	339	621	375	489	392	695	355	246	449	364	443	0	592	0	402	383	402	393	377	0	325	487	368	0	243	372	569	174	0	601	427	331	445	246	220	283	368	383	315	0	0	556	324	392	215	0	437	356	312	669	381	339	448	453	466	421	400	385	409	685	385	414	437	182	0	0	301	340	461	363	449	403	422	479	440	219	597	299	402	401	369	309	513	382	393	380	345	415	448	407	350	367	369	387	413	533	427	0	546	427	312	553	416	560	285
ASV60	2975	34	49	757	206	0	0	16	15	128	5114	7	0	15	0	15	0	0	45	57	7	0	3	0	0	152	0	126	0	0	0	0	0	0	0	0	27	0	0	922	0	0	0	8	0	190	0	0	0	0	0	0	13	7	115	6116	3204	259	0	340	657	0	0	0	2005	0	0	0	0	0	0	0	0	0	0	0	0	0	0	0	0	0	0	0	0	0	0	0	0	0	0	0	0	0	0	0	0	0	0	0	0	0	0	0	0	0	0	0
ASV61	0	0	5	258	902	134	767	0	0	0	119	0	0	57	0	0	0	20	3068	0	0	89	0	106	0	0	0	156	0	7	24	0	0	41	0	0	654	0	581	1180	874	163	0	0	0	9	0	0	0	144	80	0	0	140	0	919	0	0	3831	0	506	132	1744	2811	55	0	0	0	0	0	0	1300	0	157	0	14	3083	0	168	0	48	0	0	230	82	9	0	0	497	200	0	1655	52	0	27	39	0	0	4790	0	0	1901	1106	65	568	855	0	14
ASV62	0	1919	163	48	450	0	0	0	238	41	6388	493	198	17	0	0	0	454	41	0	0	4131	0	0	384	8	0	270	0	1733	117	0	0	23	0	0	1424	0	607	77	972	0	0	0	0	0	2937	0	0	0	350	0	0	0	0	0	1530	296	0	0	176	0	0	0	35	40	0	0	0	272	0	0	0	31	0	29	0	0	0	0	78	879	0	911	50	0	0	0	194	0	0	42	408	0	505	427	0	210	0	0	0	541	122	211	0	1235	294	1132
ASV63	536	519	85	803	0	238	426	85	0	21	492	68	0	54	0	301	0	441	3796	91	0	0	0	15	0	0	0	66	744	323	343	0	0	35	114	2205	147	9	113	376	1189	0	0	0	5	1351	1748	285	0	0	760	0	66	0	26	1194	1161	200	0	86	901	0	0	874	429	427	0	0	0	28	0	274	112	76	43	121	0	1498	78	0	120	1073	693	295	31	0	0	197	879	183	0	129	129	1220	0	12	0	223	0	9	0	391	364	125	397	770	282	0
ASV64	0	0	295	8	347	187	4	0	0	0	106	0	0	2	0	0	0	922	112	0	0	68	0	2	0	0	0	96	0	347	265	0	0	135	0	0	5	0	186	99	560	832	0	0	0	247	0	0	0	0	153	0	0	1	0	89	0	0	579	0	14	5933	1056	0	91	0	0	0	0	0	0	12	0	473	0	2	6783	0	116	0	0	0	0	8	40	85	0	0	110	292	0	3	419	0	917	2656	0	0	17	0	0	2949	0	3	5	19	2615	1137
ASV65	0	803	233	266	1189	852	0	160	6	124	43	0	0	801	0	247	0	0	0	499	3089	0	0	580	0	0	0	40	0	0	143	0	0	206	0	0	0	1890	0	520	60	0	0	0	4	438	798	0	0	0	963	8	51	0	34	51	3962	694	0	0	128	0	8	449	94	0	0	0	0	0	0	0	0	0	0	0	0	0	0	0	0	0	0	0	0	0	0	0	0	0	0	0	0	0	0	0	0	0	0	0	0	0	0	0	0	0	0	0
ASV66	266	179	185	286	435	273	345	270	516	263	170	318	261	375	0	441	0	272	420	314	341	276	0	271	364	291	0	205	284	412	143	0	512	273	231	324	166	130	217	247	261	253	0	2	383	257	257	133	0	361	263	228	392	282	174	330	297	345	392	320	316	296	473	242	367	350	137	0	0	232	338	284	270	341	245	340	393	314	145	458	218	300	320	306	258	393	275	278	297	269	336	369	320	290	241	313	269	242	429	338	0	394	309	209	459	280	460	224
ASV67	504	182	61	1518	67	16	328	88	0	220	1881	26	524	13	0	446	0	0	372	80	0	39	0	0	316	429	0	49	215	0	182	0	143	0	130	116	93	0	43	712	186	0	0	0	0	80	352	18	0	300	491	722	52	22	191	1481	467	214	70	1523	97	0	0	15	947	794	5	0	0	1033	142	1227	146	934	59	994	58	0	75	424	0	942	43	20	14	694	30	82	159	30	145	0	15	463	30	26	384	233	732	103	0	0	286	70	0	153	931	67
ASV68	95	23	25	15	21	43	0	108	0	0	173	141	0	104	0	116	0	22	2131	40	0	0	0	680	0	0	0	37	82	53	32	0	0	54	0	0	0	25	24	1536	88	340	0	0	0	110	988	175	0	3512	1798	0	0	0	111	31	203	40	717	0	79	0	0	0	387	0	176	0	0	0	0	0	266	38	25	58	2160	0	322	0	286	39	0	396	282	0	556	4019	0	85	470	52	0	0	141	0	0	67	1269	59	0	188	0	137	0	43	55	0
ASV69	336	195	0	252	439	0	426	287	508	0	0	356	347	363	0	462	0	0	372	330	328	313	0	0	417	339	0	0	363	411	0	0	462	0	226	346	190	0	0	0	0	0	0	0	410	0	318	0	0	344	278	0	435	0	0	369	358	366	346	345	322	301	537	314	346	358	0	0	0	0	315	329	301	342	304	372	435	291	183	499	0	323	329	273	0	385	305	0	344	289	402	420	334	0	283	319	0	317	406	319	0	427	341	244	402	287	522	0
ASV70	0	0	207	268	433	263	362	258	455	0	188	351	293	381	0	532	0	0	386	0	345	296	0	247	419	328	0	206	277	391	152	0	507	287	229	312	156	0	277	319	282	0	0	0	413	261	315	0	0	363	249	253	445	253	0	385	369	378	0	358	0	0	533	328	0	357	0	0	0	0	281	327	0	371	314	382	413	356	166	446	0	302	303	311	0	397	0	0	340	0	377	415	302	265	0	0	0	330	411	307	0	422	318	228	400	0	479	225
ASV71	145	291	637	868	130	219	0	1317	0	179	754	556	0	0	0	114	0	368	858	0	0	0	0	0	0	0	0	404	0	161	89	0	293	16	0	1288	0	352	312	529	1862	0	0	0	0	116	0	141	0	0	0	0	0	0	315	866	67	451	0	0	279	467	122	0	182	0	0	0	0	0	0	0	0	0	0	0	0	0	0	0	0	0	0	0	0	0	0	0	0	0	0	0	0	0	0	0	0	0	0	0	0	0	0	0	0	0	0	0
ASV72	8	89	0	0	7	0	84	31	0	0	199	342	75	0	0	0	0	0	78	36	527	53	0	91	437	443	0	0	151	20	32	0	153	31	908	100	56	2	45	145	5	100	0	0	0	0	166	25	0	35	51	45	30	340	128	70	0	0	31	641	45	27	1306	88	0	124	17	0	0	60	145	316	41	25	0	77	15	28	0	6950	33	46	1016	0	0	1948	585	59	0	18	157	160	0	297	720	26	1152	0	777	0	0	22	347	23	0	12	0	73
ASV73	211	132	173	188	341	187	305	212	377	225	123	247	211	289	0	356	0	201	276	203	210	210	0	191	259	258	0	161	208	301	122	0	332	223	209	233	114	131	170	229	202	185	0	1	338	217	233	99	0	254	201	165	362	243	159	259	223	272	255	262	261	235	381	229	247	254	111	0	0	175	182	274	229	262	188	246	291	223	110	349	171	218	240	242	166	292	240	208	253	212	240	245	235	205	186	228	225	225	284	235	1	256	279	184	269	195	346	171
ASV74	0	932	72	0	94	130	612	86	0	0	10	160	0	0	0	68	0	373	539	35	408	10	0	32	0	193	0	47	114	35	265	4	223	68	1358	138	0	0	101	276	25	0	0	0	0	57	1827	32	0	0	167	51	0	94	110	74	87	0	0	80	46	79	157	0	113	632	0	0	0	99	0	0	188	92	310	340	69	14	0	464	181	50	144	0	15	395	0	107	54	32	1101	88	69	153	447	0	1116	9	3894	0	0	0	1616	28	0	60	151	403
ASV75	407	0	77	428	109	85	50	251	0	2535	418	457	0	19	0	1288	0	144	0	153	2068	32	0	1081	0	0	0	910	0	60	60	0	0	0	42	0	0	137	0	116	256	0	0	0	0	56	1774	170	0	0	0	0	102	0	0	56	658	109	0	0	206	0	152	0	182	0	0	0	0	273	0	0	196	37	0	79	0	173	125	0	202	333	0	46	226	0	0	69	657	1906	0	441	0	0	0	768	0	342	0	82	0	119	0	147	91	58	140	0
ASV76	37	0	23	34	0	0	0	0	76	0	20	0	11695	1036	0	27	0	12	11	0	9	51	0	0	3468	165	0	66	75	0	9	0	0	41	0	18	56	0	0	0	0	0	0	0	2	0	29	0	0	0	0	55	24	325	0	249	12	81	8	0	0	5	0	0	24	39	0	0	0	10	86	0	107	23	0	29	0	0	0	846	0	0	0	189	133	8	0	28	0	0	0	0	11	22	577	25	0	0	8	170	0	280	0	25	40	15	19	41
ASV77	23	0	0	572	101	1040	0	42	0	48	45	0	0	15	0	86	0	85	0	0	0	0	0	17	0	0	0	773	232	0	0	0	409	0	134	0	0	0	102	0	945	0	0	0	0	0	124	457	0	0	138	0	96	10722	0	20	49	192	0	33	180	0	0	0	60	0	0	0	0	0	0	0	0	0	0	0	0	0	0	0	0	0	0	0	0	0	0	0	0	0	0	0	0	0	0	0	0	0	0	0	0	0	0	0	0	0	0	0
ASV78	0	545	222	59	1475	610	0	24	0	0	72	883	0	0	0	2861	0	311	16	0	0	0	0	0	0	0	0	339	0	699	87	0	53	84	0	196	0	43	36	42	103	0	0	0	0	870	266	1695	0	0	0	0	0	237	0	0	607	0	0	0	180	0	0	0	33	0	43	0	0	666	0	0	120	376	0	43	259	171	67	0	235	391	0	0	0	0	0	1397	43	1516	0	46	136	297	0	14	0	399	0	181	0	22	93	0	0	0	180	0
ASV79	595	48	14	246	284	21	110	156	604	0	128	0	69	2503	0	16	0	0	270	127	148	17	0	152	45	121	0	61	237	21	0	0	1046	313	0	170	39	0	37	0	22	69	0	0	1216	87	301	34	0	129	52	344	46	95	62	75	821	1545	54	205	42	40	21	0	28	421	0	0	0	37	53	100	2117	111	35	19	0	0	0	95	225	0	127	553	110	71	0	10	62	34	0	0	34	71	0	107	19	0	274	208	0	0	294	41	361	525	0	0
ASV80	165	0	486	133	0	402	0	586	954	151	43	0	0	0	0	130	0	420	1253	128	0	0	0	0	0	0	0	26	0	312	316	0	0	93	0	0	0	173	92	0	858	0	0	0	0	57	0	68	0	0	0	0	288	0	0	560	564	1381	0	0	420	0	117	0	283	0	0	0	0	0	0	0	0	0	0	0	0	0	0	0	0	0	0	0	0	0	0	0	0	0	0	0	0	0	0	0	0	0	0	0	0	0	0	0	0	0	0	0
ASV81	79	0	0	418	260	0	0	0	158	0	837	463	0	4194	0	5	0	0	76	17	0	36	0	0	0	280	0	143	380	0	0	0	26	50	0	1007	92	171	0	0	45	0	0	0	0	222	66	185	0	40	0	0	0	0	0	727	719	74	377	0	0	103	4	85	0	177	0	0	0	0	24	0	0	1282	0	203	0	13	106	0	65	17	0	777	35	206	76	0	0	10	0	0	0	53	0	127	0	384	55	452	0	483	24	119	86	289	0	631
ASV82	0	0	0	0	0	52	66	0	0	72	0	14	10	0	0	0	0	0	19	31	128	0	0	54	712	14	0	0	0	0	10	0	67	11	3776	0	24	0	26	79	0	19	0	0	0	0	0	0	0	15	46	53	0	77	106	0	25	0	0	27	0	0	6437	0	0	0	29	0	0	0	0	58	39	47	19	228	14	0	0	187	21	35	0	0	0	0	70	41	45	0	183	31	0	35	328	55	27	0	3086	0	0	0	162	0	9	15	28	0
ASV83	0	0	0	0	0	0	0	0	9	4	3	0	4	3	2001	0	1334	5	0	0	0	5	1405	3	5	2	1424	0	0	0	0	1732	9	4	2	0	0	8	0	0	4	0	1215	1577	13	3	4	0	1387	9	0	0	6	3	0	0	5	2	4	0	3	0	0	0	7	0	0	1384	1389	0	0	4	0	3	6	0	0	5	0	0	0	3	0	4	0	7	4	0	7	3	0	5	0	0	0	2	3	0	0	0	1448	4	0	0	2	0	6	8
ASV84	0	183	47	59	105	0	0	0	0	0	0	51	178	0	0	439	0	179	0	66	0	0	0	0	0	0	0	0	0	82	20	0	0	13	76	1184	158	0	25	174	159	0	0	0	0	415	359	450	0	101	363	0	71	39	0	120	493	18	1166	0	74	370	0	190	301	117	0	0	0	0	0	0	465	62	0	0	1886	1589	45	0	0	612	0	189	112	0	618	551	75	38	0	0	0	0	175	0	0	124	105	68	0	626	85	37	210	149	37	0
ASV85	0	913	175	47	111	406	353	294	0	18	62	323	0	0	0	177	0	147	201	351	1180	0	0	64	0	308	0	118	0	400	259	0	0	167	0	0	0	99	122	63	47	309	0	0	0	197	0	309	0	0	11	0	0	125	0	0	254	3	0	101	240	11	118	0	29	0	0	0	0	0	26	0	610	68	0	108	0	218	129	82	104	1021	0	0	0	0	245	494	93	674	460	442	0	390	208	9	29	89	0	117	0	17	426	172	80	0	0	273
ASV86	26	86	0	216	0	35	0	0	405	0	167	0	0	0	0	377	0	40	1081	26	0	638	0	977	0	0	0	0	286	113	40	0	0	0	112	415	70	0	0	1390	120	113	0	0	0	442	931	0	0	0	0	0	0	0	0	167	270	70	0	0	0	0	0	26	216	83	0	0	0	0	0	0	82	131	0	0	459	519	7	0	55	91	0	220	434	0	68	722	92	24	0	0	160	0	0	0	0	107	1020	14	0	59	261	0	415	0	99	0
ASV87	114	257	0	0	46	86	227	59	75	0	209	79	46	9	0	0	0	107	49	161	43	93	0	27	207	392	0	0	205	60	55	0	31	89	650	465	156	98	112	287	247	48	0	0	0	0	199	127	0	46	76	203	48	120	34	48	0	172	315	55	141	277	170	547	17	188	165	0	0	6	680	0	57	86	90	185	250	0	63	373	215	240	0	0	42	240	281	78	290	0	125	297	29	275	241	149	351	63	35	330	0	0	336	49	168	62	0	297
ASV88	0	60	43	0	0	183	0	0	0	0	0	0	0	41	0	0	0	104	257	0	2170	73	0	79	0	954	0	59	51	0	41	0	91	0	62	239	332	0	54	0	0	1637	0	0	0	56	0	62	0	482	119	379	68	65	0	66	0	0	0	904	0	0	96	99	22	90	0	0	0	0	0	0	0	38	79	38	160	68	0	0	0	0	0	0	25	150	402	136	62	0	365	85	0	130	1292	0	0	0	0	124	0	0	49	0	0	71	0	0
ASV89	0	0	0	0	0	0	3	0	5	3	6	0	3	0	1365	2	1015	6	6	0	3	0	836	0	0	0	1022	4	0	0	0	1269	9	6	0	0	0	0	0	0	0	0	898	1201	8	0	0	0	893	5	0	0	0	0	4	0	2	0	0	3	0	0	3	0	5	0	0	0	0	0	0	0	0	0	0	0	0	0	0	0	0	0	0	0	0	0	0	0	0	0	0	0	0	0	0	0	0	0	0	0	0	0	0	0	0	0	0	0
ASV90	0	0	30	0	12	211	19	20	0	9	0	43	0	0	0	18	0	302	72	194	324	0	0	0	0	0	0	19	11	10	61	0	1180	41	600	18	0	0	19	60	15	0	0	0	0	70	0	52	0	0	49	0	4	18	18	0	46	724	2	48	98	0	579	0	24	0	0	0	0	11	0	0	134	117	557	146	17	0	0	0	90	396	36	0	0	363	0	65	114	109	1086	461	150	75	0	0	4	22	0	50	0	6	622	33	0	13	191	39
ASV91	271	42	0	280	0	0	168	0	662	0	66	26	0	949	0	0	0	0	199	32	0	68	0	43	31	113	0	0	241	0	0	0	2863	478	0	142	0	0	0	0	58	94	0	0	178	0	29	0	0	90	70	158	0	200	0	34	67	0	79	52	0	0	15	0	13	29	0	0	0	20	21	0	222	94	0	414	0	0	0	21	73	22	52	28	180	0	0	0	78	0	0	0	17	243	49	31	0	0	0	69	0	0	142	0	193	95	0	0
ASV92	7	155	10	13	14	132	538	96	0	36	6	85	0	0	0	87	0	58	169	37	517	0	0	37	0	17	0	15	13	15	48	0	644	24	1354	56	28	55	32	332	22	0	0	0	0	19	170	50	0	0	0	40	24	59	46	0	254	36	0	536	83	0	91	15	14	0	741	0	0	15	39	0	35	255	95	214	208	34	105	0	0	102	0	0	45	0	19	59	47	52	181	510	19	292	0	12	71	5	93	9	0	0	300	15	0	0	62	82
ASV93	47	0	0	0	0	284	73	0	0	0	8	25	0	0	0	0	0	90	0	65	102	22	0	78	592	0	0	68	86	56	176	0	134	27	436	109	0	25	152	142	14	175	0	0	0	8	117	0	0	0	81	141	39	73	0	0	18	0	19	0	1020	0	250	28	0	827	40	0	0	0	18	0	0	193	0	59	63	46	0	0	27	112	0	0	0	0	134	0	141	0	251	687	0	233	472	0	511	0	74	49	0	33	0	61	0	41	67	0
ASV94	173	99	175	72	84	62	81	109	89	77	0	90	103	116	115	74	50	73	0	80	126	140	72	93	79	83	80	85	122	0	65	126	183	98	49	0	57	152	74	0	0	0	0	52	82	124	0	0	0	0	0	22	0	0	0	116	0	0	112	71	152	0	0	0	125	99	98	94	0	94	0	96	73	87	65	191	135	102	73	136	153	82	67	71	131	184	109	156	101	110	78	117	99	114	131	81	164	9	0	0	56	0	0	79	81	0	187	68
ASV95	176	0	0	46	0	0	51	30	147	65	91	19	97	419	0	10	0	10	150	0	33	166	0	42	75	368	0	0	45	0	0	0	457	204	0	118	0	98	0	44	29	144	0	0	1825	0	46	13	0	0	54	47	52	0	11	0	50	81	98	34	19	15	0	16	0	0	0	0	0	0	0	0	0	0	0	0	0	0	0	0	0	0	0	0	0	0	0	0	0	0	0	0	0	0	0	0	0	0	0	0	0	0	0	0	0	0	0	0
ASV96	276	81	107	212	110	0	0	85	0	46	25	39	0	131	0	519	0	53	551	0	0	0	0	0	0	0	0	502	0	63	77	0	0	86	0	466	92	29	0	75	464	0	0	0	0	50	0	49	0	0	0	0	0	0	0	124	121	0	0	0	176	0	0	0	21	0	0	0	0	0	0	0	0	0	0	0	0	0	0	0	0	0	0	0	0	0	0	0	0	0	0	0	0	0	0	0	0	0	0	0	0	0	0	0	0	0	0	0
ASV97	137	78	129	59	82	73	99	85	64	68	0	77	106	73	93	67	51	85	17	80	98	129	69	82	74	62	59	60	107	0	51	95	156	79	41	0	56	98	49	0	0	19	0	43	88	102	0	0	0	0	0	17	0	0	0	107	0	0	78	84	109	0	0	0	109	108	70	88	10	92	15	82	52	83	55	151	116	78	64	134	105	67	64	64	123	131	71	124	76	86	62	115	100	82	89	65	122	0	0	0	64	0	0	53	82	0	122	43
ASV98	50	37	31	55	89	42	60	38	79	50	32	61	59	64	0	70	0	44	54	53	53	46	0	47	82	47	0	24	61	82	18	0	81	67	40	54	26	25	42	36	52	50	0	0	59	54	41	23	0	48	41	31	67	57	22	61	48	59	65	59	62	50	73	48	76	50	24	0	0	36	55	58	43	50	44	71	72	52	22	93	36	67	44	37	33	78	56	55	66	44	46	63	61	40	45	43	72	57	69	44	0	68	49	44	66	39	68	33
ASV99	394	0	61	103	17	84	0	160	0	122	138	0	0	160	0	258	0	78	31	225	0	0	0	21	0	0	0	52	0	32	37	0	0	39	0	0	0	63	0	0	242	0	0	0	0	38	0	105	0	0	181	0	64	0	0	0	156	0	0	0	107	0	29	0	0	0	0	0	0	0	0	0	0	0	0	0	0	0	0	0	0	0	0	0	0	0	0	0	0	0	0	0	0	0	0	0	0	0	0	0	0	0	0	0	0	0	0	0
ASV100	87	26	0	0	16	36	0	0	60	0	73	0	0	92	0	0	0	0	34	0	0	0	0	0	0	109	0	46	20	0	0	0	476	392	67	12	0	0	0	50	13	39	0	0	80	0	0	0	0	0	20	74	0	13	0	34	109	32	0	19	0	0	27	0	0	0	0	0	0	0	0	0	0	0	0	0	0	0	0	0	0	0	0	0	0	0	0	0	0	0	0	0	0	0	0	0	0	0	0	0	0	0	0	0	0	0	0	0
ASV101	43	27	18	33	70	40	44	39	71	28	28	36	28	34	0	58	0	35	45	44	45	36	0	26	51	40	0	24	38	41	19	0	53	45	27	35	11	11	26	38	36	31	0	0	48	47	42	14	0	43	30	29	52	37	24	41	35	34	47	48	37	37	64	28	49	45	13	0	0	30	43	36	45	45	28	44	50	40	26	54	29	44	41	44	20	48	34	24	50	30	47	49	31	31	29	33	34	43	61	43	0	68	39	30	68	37	74	44
ASV102	37	24	22	36	44	32	39	24	65	23	18	34	28	50	0	66	0	44	34	34	46	32	0	27	39	35	0	24	37	35	14	0	44	34	29	28	13	18	21	40	36	30	0	0	49	33	32	15	0	43	39	19	27	39	26	39	32	30	44	40	36	50	60	32	37	37	17	0	0	28	23	40	38	46	34	40	44	44	0	36	27	32	23	36	23	30	26	34	42	31	32	46	30	36	23	32	30	22	58	37	0	45	27	23	57	26	66	22
ASV103	40	23	50	34	68	43	31	15	19	15	0	59	51	54	26	21	18	49	0	60	61	28	28	13	15	25	39	42	51	0	36	33	25	72	20	0	15	66	59	0	0	0	0	23	84	40	0	0	0	0	0	0	0	0	0	56	0	0	68	17	25	0	0	0	57	31	13	32	0	15	0	45	11	19	17	37	44	18	71	47	61	15	7	9	67	23	24	58	50	23	17	84	26	26	61	19	47	0	0	0	37	0	0	7	14	0	22	23
ASV104	31	12	0	32	0	0	36	35	28	0	39	0	59	86	0	13	0	0	38	0	17	23	0	91	18	54	0	0	77	4	0	0	39	24	0	85	0	0	0	34	17	63	0	0	353	13	52	8	0	25	38	15	21	14	0	27	15	75	27	19	16	0	0	0	13	56	10	0	0	33	20	42	53	14	0	8	15	7	0	72	14	14	0	0	0	0	27	16	53	0	0	0	7	103	37	0	32	0	0	10	0	0	82	7	0	60	4	0
ASV105	0	34	88	26	29	44	41	50	40	28	0	20	24	32	40	0	30	39	0	36	63	0	19	31	77	0	33	34	0	0	34	49	0	23	18	0	0	59	30	0	0	0	0	21	31	42	0	0	0	0	0	0	0	0	0	55	0	0	0	0	51	0	0	0	36	50	32	32	0	65	0	0	32	0	0	74	0	0	27	43	45	43	0	29	61	62	38	0	0	0	0	67	34	0	46	46	69	0	0	0	24	0	0	17	0	0	71	16
ASV106	35	20	3	0	0	0	15	0	48	42	36	0	0	0	21	0	35	24	58	18	20	31	25	0	24	39	0	27	45	0	32	77	22	18	17	0	7	0	19	0	0	23	0	35	0	0	21	64	54	41	0	0	0	23	23	31	0	0	0	38	0	0	29	54	37	13	9	8	93	38	20	36	0	0	16	11	0	99	0	0	42	0	0	30	44	25	0	31	0	14	23	40	17	49	0	0	0	21	0	0	33	37	0	0	0	0	27	18
ASV107	17	12	17	14	22	11	19	8	19	8	14	14	15	10	13	20	14	14	17	9	27	26	12	21	14	11	9	10	20	12	9	33	30	10	13	12	13	7	16	7	8	13	4	15	29	162	20	14	12	26	6	10	10	20	8	19	15	10	14	7	10	15	18	13	21	19	17	13	19	0	14	21	0	14	14	33	27	41	8	8	26	14	13	19	13	25	5	19	16	13	16	25	10	19	0	17	16	6	7	17	11	22	9	10	10	7	21	15
ASV108	34	0	130	12	20	0	0	0	20	13	0	14	0	14	33	0	16	22	0	17	47	44	30	26	0	25	19	29	0	0	19	30	46	0	19	0	0	40	0	2	0	0	0	11	33	18	0	0	0	0	0	0	0	0	0	23	0	0	29	0	27	0	0	0	31	24	20	12	0	0	0	0	13	14	12	46	25	22	13	44	34	18	0	17	39	0	20	53	25	20	19	35	22	29	33	22	47	0	0	0	24	0	0	23	21	0	54	21
ASV109	33	5	30	22	47	25	31	11	25	9	0	38	22	26	26	17	9	39	0	45	35	13	7	13	17	18	17	12	35	0	17	13	13	27	10	0	7	42	39	0	0	0	0	10	54	28	0	0	0	0	0	0	0	0	0	22	0	0	37	14	21	0	0	0	26	28	11	21	0	16	0	27	6	10	12	19	22	13	31	41	31	9	11	12	36	30	11	29	32	19	10	49	21	16	28	9	25	0	0	0	13	0	0	6	6	0	9	15
ASV110	4	26	0	9	18	6	2	0	0	1	0	52	0	0	0	24	0	0	127	12	0	0	0	0	0	0	0	5	18	24	13	0	0	12	0	39	0	5	34	3	198	0	0	0	0	7	25	18	0	0	31	23	1	15	0	33	199	16	0	65	0	0	0	0	0	0	0	0	0	2	0	32	0	1	17	0	17	0	7	1	23	0	0	36	0	0	0	18	32	0	0	0	8	39	4	0	0	117	0	11	0	22	25	16	0	22	21	1
ASV111	22	16	27	0	15	10	9	9	23	14	19	14	14	0	0	0	13	13	23	13	20	16	13	18	25	20	9	0	21	9	0	19	21	23	15	15	8	10	0	10	13	10	0	0	17	34	11	13	0	0	8	0	0	0	0	17	18	10	11	16	11	9	5	10	22	21	16	20	13	12	9	18	11	13	20	31	18	51	9	11	19	12	13	9	18	28	8	0	12	13	10	23	16	25	16	11	16	9	22	11	10	15	14	9	9	6	17	29
ASV112	18	15	0	0	0	0	23	0	32	37	22	0	0	0	13	0	21	19	52	26	10	18	19	0	20	32	0	22	27	0	26	46	18	9	4	0	11	0	7	0	0	23	0	25	0	0	25	36	45	36	0	0	0	18	15	15	0	0	0	21	0	0	13	26	31	11	7	4	57	17	14	15	0	0	10	11	0	82	0	0	17	0	0	16	23	16	0	27	0	7	18	36	10	30	0	0	0	14	0	0	21	22	0	0	0	0	16	5
ASV113	6	6	20	6	35	3	20	5	22	12	16	13	10	15	13	6	9	12	13	9	19	11	14	9	13	8	5	14	0	7	0	16	19	11	5	0	10	5	12	0	7	0	7	11	17	107	0	6	5	25	0	10	17	6	10	22	18	10	6	10	5	5	10	6	19	12	11	10	8	9	0	19	7	14	13	24	13	22	6	10	14	7	6	8	11	14	5	19	17	14	14	18	12	15	0	5	6	8	7	0	11	19	6	7	6	3	22	10
ASV114	72	0	0	9	0	0	14	15	58	3	32	10	8	6	0	9	0	19	17	0	27	28	0	18	17	37	0	0	4	0	0	0	11	14	0	7	0	28	0	46	7	25	0	0	189	0	7	12	0	0	7	26	17	0	9	0	17	16	17	10	4	15	0	2	0	0	0	0	0	27	0	25	33	0	0	0	44	24	0	26	0	0	0	0	15	0	0	0	0	0	12	0	0	11	0	4	22	0	7	20	0	0	20	15	1	6	8	0
ASV115	14	7	22	0	6	6	9	15	6	7	0	7	17	7	8	5	7	10	0	9	6	21	7	7	6	15	9	10	6	14	6	6	15	10	9	0	0	10	6	0	0	0	0	6	10	14	0	0	0	0	0	0	0	0	0	21	0	0	6	8	18	0	0	0	15	10	0	14	0	7	0	0	8	11	0	18	12	11	16	10	23	10	5	11	12	19	10	17	10	8	12	15	6	14	13	11	10	0	0	0	9	0	0	10	0	0	28	12
ASV116	16	9	25	6	2	2	11	17	7	6	0	4	12	6	11	5	6	4	0	12	6	7	7	8	8	9	9	6	15	0	7	16	12	5	4	0	0	13	6	0	0	0	0	0	4	15	0	0	0	0	0	3	0	0	0	7	2	0	10	7	15	0	0	0	12	11	5	10	0	10	0	12	5	8	9	19	7	6	5	4	21	0	5	3	16	12	6	10	9	0	13	10	6	12	10	10	20	0	0	0	5	0	0	8	7	0	13	5
ASV117	18	16	7	0	11	0	0	0	18	7	21	0	0	9	0	10	8	12	16	0	11	12	0	13	9	15	10	0	15	0	0	0	0	7	0	0	0	13	0	0	0	0	0	11	0	0	11	0	0	16	0	0	0	8	0	0	0	0	15	8	0	4	0	0	0	14	13	0	17	9	8	0	0	9	10	14	0	26	0	17	12	0	6	12	0	0	13	26	0	8	0	11	0	13	11	0	13	7	0	0	0	7	0	0	0	0	0	13
ASV118	0	0	0	0	7	0	208	2	0	7	0	3	2	0	12	6	5	0	16	15	1	0	0	7	8	2	6	7	0	0	0	6	0	2	0	16	1	1	25	0	0	1	0	4	0	3	3	1	0	0	5	0	20	3	4	0	0	6	16	1	7	0	4	0	0	2	10	4	8	12	0	15	0	1	0	9	1	1	5	0	5	8	0	11	0	2	4	4	1	1	9	2	5	7	0	7	1	0	0	0	3	0	1	0	3	5	0	2
ASV119	12	0	0	8	0	8	0	0	12	0	10	0	11	0	10	0	12	9	14	0	8	0	7	0	9	9	0	0	0	9	0	14	15	0	0	0	0	0	4	5	0	6	0	12	11	0	0	0	0	0	4	7	0	0	0	0	8	0	13	0	0	0	7	0	14	0	0	0	10	7	0	7	6	12	7	13	9	23	0	11	12	0	0	8	7	9	0	17	7	0	0	9	0	0	6	10	7	0	6	0	6	9	7	0	0	5	22	11
ASV120	5	4	9	6	0	0	4	4	8	5	7	0	5	5	10	5	0	0	10	5	4	8	3	0	8	6	7	3	6	0	4	8	7	10	0	6	0	8	0	4	4	3	0	7	17	0	0	5	0	8	0	0	2	0	5	5	7	4	9	0	9	0	7	0	12	7	3	9	5	3	0	6	8	0	2	7	9	15	0	5	7	3	0	0	6	13	0	13	6	3	4	6	0	0	5	5	4	0	0	0	8	0	0	0	0	0	6	7
ASV121	11	1	0	1	1	0	4	3	9	2	3	12	2	3	10	10	5	6	7	1	8	0	3	0	9	4	2	1	0	0	6	12	2	0	0	2	3	3	1	0	6	5	0	0	5	1	6	4	0	0	0	0	0	0	6	7	7	6	7	1	2	0	0	1	7	8	2	3	8	0	7	0	9	2	4	9	7	12	1	4	8	3	4	7	3	8	0	5	2	6	0	40	0	1	3	0	0	1	0	17	7	0	7	3	0	0	1	7
ASV122	0	28	2	0	0	0	1	0	0	2	3	2	0	0	0	1	0	28	4	0	2	5	0	1	0	2	18	1	0	15	1	14	17	0	0	1	7	0	0	0	0	0	0	0	0	1	6	0	0	0	0	0	0	0	1	0	20	0	0	5	1	12	0	0	1	0	0	0	0	0	0	0	0	0	0	0	0	0	0	0	0	0	0	0	0	0	0	0	0	0	0	0	0	0	0	0	0	0	0	0	0	0	0	0	0	0	0	0
ASV123	11	5	9	3	3	0	6	0	9	0	0	4	0	4	0	0	0	6	0	0	0	0	0	0	3	6	4	0	0	0	3	14	13	0	6	0	0	10	0	0	4	4	0	0	13	30	4	2	4	0	6	6	3	0	0	0	12	0	0	0	3	6	0	0	10	3	0	5	0	0	0	9	3	0	3	8	0	9	0	0	6	4	0	0	0	0	0	7	11	5	0	6	6	0	0	5	0	0	7	0	5	3	0	5	4	0	4	6
ASV124	11	6	8	0	13	6	7	3	0	0	0	6	6	6	4	5	0	8	0	8	15	3	4	5	0	0	5	0	9	0	0	6	0	0	2	0	0	9	3	0	0	0	0	0	9	0	0	0	0	0	0	0	0	0	0	7	0	0	5	5	2	0	0	0	8	7	3	0	0	3	0	6	0	3	4	6	10	4	12	0	3	0	0	4	7	4	3	6	0	0	0	9	0	0	6	0	8	0	0	0	0	0	0	0	0	0	5	0
ASV125	4	0	3	0	4	6	4	0	4	2	0	4	6	5	4	5	0	6	0	2	11	0	0	2	0	2	5	3	4	0	0	0	0	10	2	0	0	8	4	0	0	0	0	0	12	0	0	0	0	0	0	0	0	0	0	6	0	0	4	4	0	0	0	0	5	0	0	0	0	0	0	0	0	0	0	0	0	0	0	0	0	0	0	0	0	0	0	0	0	0	0	0	0	0	0	0	0	0	0	0	0	0	0	0	0	0	0	0
ASV126	0	0	0	0	0	0	0	0	0	0	0	0	0	0	0	0	0	0	0	0	0	0	0	0	0	0	0	0	0	0	0	0	0	0	0	0	0	0	0	0	0	0	0	0	0	0	0	0	0	0	0	0	0	0	0	0	0	0	0	0	0	0	0	0	0	0	0	0	11	0	65	12	16	0	0	20	9	18	6	16499	0	594	0	0	0	0	6	0	3432	0	0	17	0	0	19193	0	0	0	24	0	16	0	0	0	69	0	13	0
ASV127	0	0	0	0	0	0	0	0	0	0	0	0	0	0	0	0	0	0	0	0	0	0	0	0	0	0	0	0	0	0	0	0	0	0	0	0	0	0	0	0	0	0	0	0	0	0	0	0	0	0	0	0	0	0	0	0	0	0	0	0	0	0	0	0	0	129	0	9	0	0	0	15	0	99	0	0	238	77	0	12	0	0	0	54	15	72112	0	0	16	0	0	1070	1808	23	4071	7	0	0	28152	34	0	0	0	0	604	0	1259	0
ASV128	0	0	0	0	0	0	0	0	0	0	0	0	0	0	0	0	0	0	0	0	0	0	0	0	0	0	0	0	0	0	0	0	0	0	0	0	0	0	0	0	0	0	0	0	0	0	0	0	0	0	0	0	0	0	0	0	0	0	0	0	0	0	0	0	0	17674	0	0	9	1240	0	692	1306	0	173	2878	2809	4430	879	0	0	52	2883	0	2121	0	0	0	1110	1205	0	0	0	0	0	0	732	2638	0	0	0	2225	0	395	16	336	1429	0
ASV129	0	0	0	0	0	0	0	0	0	0	0	0	0	0	0	0	0	0	0	0	0	0	0	0	0	0	0	0	0	0	0	0	0	0	0	0	0	0	0	0	0	0	0	0	0	0	0	0	0	0	0	0	0	0	0	0	0	0	0	0	0	0	0	0	0	29	0	0	0	67	47	9152	0	20	271	0	330	336	0	6496	0	0	0	0	0	1020	7099	1473	20	0	2696	2772	0	726	2721	0	2762	0	2176	0	0	0	0	0	17	0	0	0
ASV130	0	0	0	0	0	0	0	0	0	0	0	0	0	0	0	0	0	0	0	0	0	0	0	0	0	0	0	0	0	0	0	0	0	0	0	0	0	0	0	0	0	0	0	0	0	0	0	0	0	0	0	0	0	0	0	0	0	0	0	0	0	0	0	0	0	16	7057	11	0	337	16759	0	6	0	0	0	4	11	0	0	0	0	0	0	33	7	0	0	7698	6	0	10	0	4818	0	0	804	0	13	39	0	9	1134	0	3	1198	0	2058
ASV131	0	0	0	0	0	0	0	0	0	0	0	0	0	0	0	0	0	0	0	0	0	0	0	0	0	0	0	0	0	0	0	0	0	0	0	0	0	0	0	0	0	0	0	0	0	0	0	0	0	0	0	0	0	0	0	0	0	0	0	0	0	0	0	0	0	0	328	0	0	895	0	0	0	0	36	0	0	0	0	0	0	3992	0	0	1014	0	146	2291	0	232	0	24097	0	9	0	0	2375	408	831	17952	0	67	0	1774	354	1199	0	0
ASV132	0	0	0	0	0	0	0	0	0	0	0	0	0	0	0	0	0	0	0	0	0	0	0	0	0	0	0	0	0	0	0	0	0	0	0	0	0	0	0	0	0	0	0	0	0	0	0	0	0	0	0	0	0	0	0	0	0	0	0	0	0	0	0	0	0	39	458	6	0	0	0	0	0	0	0	104	76	77	0	27975	0	0	0	0	0	299	6518	49	32	0	557	120	0	176	0	288	224	0	138	0	0	0	0	0	0	22	0	0
ASV133	0	0	0	0	0	0	0	0	0	0	0	0	0	0	0	0	0	0	0	0	0	0	0	0	0	0	0	0	0	0	0	0	0	0	0	0	0	0	0	0	0	0	0	0	0	0	0	0	0	0	0	0	0	0	0	0	0	0	0	0	0	0	0	0	0	0	55	0	0	0	0	0	0	0	0	7	0	12	0	0	3900	7	3	3	1997	11	0	0	2054	0	8	24	0	11	0	0	0	31	0	0	0	6	0	10	30970	5865	14	0
ASV134	0	0	0	0	0	0	0	0	0	0	0	0	0	0	0	0	0	0	0	0	0	0	0	0	0	0	0	0	0	0	0	0	0	0	0	0	0	0	0	0	0	0	0	0	0	0	0	0	0	0	0	0	0	0	0	0	0	0	0	0	0	0	0	0	0	0	0	0	0	0	0	1957	143	28	13	0	48	95	0	539	0	0	0	0	0	3767	8269	437	0	0	631	88	0	48	0	23	4779	0	506	0	0	0	128	0	0	0	0	191
ASV135	0	0	0	0	0	0	0	0	0	0	0	0	0	0	0	0	0	0	0	0	0	0	0	0	0	0	0	0	0	0	0	0	0	0	0	0	0	0	0	0	0	0	0	0	0	0	0	0	0	0	0	0	0	0	0	0	0	0	0	0	0	0	0	0	0	0	0	0	0	171	0	53	25	0	57	0	0	0	0	0	0	0	0	0	514	181	0	0	10	13	0	10	0	0	47	11	111	212	53	18	0	8	27	1412	0	0	7	0
ASV136	0	0	0	0	0	0	0	0	0	0	0	0	0	0	0	0	0	0	0	0	0	0	0	0	0	0	0	0	0	0	0	0	0	0	0	0	0	0	0	0	0	0	0	0	0	0	0	0	0	0	0	0	0	0	0	0	0	0	0	0	0	0	0	0	0	0	0	0	0	364	0	289	0	497	47	0	13	21	15	0	31	0	0	0	854	152	0	0	0	21	0	0	0	0	86	0	0	147	83	24	0	0	24	221	0	13	0	0
ASV137	0	0	0	0	0	0	0	0	0	0	0	0	0	0	0	0	0	0	0	0	0	0	0	0	0	0	0	0	0	0	0	0	0	0	0	0	0	0	0	0	0	0	0	0	0	0	0	0	0	0	0	0	0	0	0	0	0	0	0	0	0	0	0	0	0	0	467	0	0	364	25	0	643	29	61	2454	6	0	2	0	2	2	0	0	141	0	0	0	471	5	55	1461	0	0	0	0	0	0	0	0	0	0	0	2	0	1730	4213	13
ASV138	0	0	0	0	0	0	0	0	0	0	0	0	0	0	0	0	0	0	0	0	0	0	0	0	0	0	0	0	0	0	0	0	0	0	0	0	0	0	0	0	0	0	0	0	0	0	0	0	0	0	0	0	0	0	0	0	0	0	0	0	0	0	0	0	0	66	0	0	0	8	604	0	42	9	0	111	0	0	0	0	0	7	0	3051	40	3799	0	0	16	0	29	0	14	370	31	575	0	0	85	0	0	2	57	0	114	95	41	0
ASV139	0	0	0	0	0	0	0	0	0	0	0	0	0	0	0	0	0	0	0	0	0	0	0	0	0	0	0	0	0	0	0	0	0	0	0	0	0	0	0	0	0	0	0	0	0	0	0	0	0	0	0	0	0	0	0	0	0	0	0	0	0	0	0	0	0	117	0	0	0	0	1481	508	39	18	0	78	0	0	0	78	0	0	557	193	0	164	0	23	0	10	0	0	0	71	68	132	0	0	80	0	0	0	0	0	28	68	0	535
ASV140	0	0	0	0	0	0	0	0	0	0	0	0	0	0	0	0	0	0	0	0	0	0	0	0	0	0	0	0	0	0	0	0	0	0	0	0	0	0	0	0	0	0	0	0	0	0	0	0	0	0	0	0	0	0	0	0	0	0	0	0	0	0	0	0	0	50	114	0	0	58	0	97	1150	37	0	146	0	0	32	0	0	32	0	0	153	0	0	157	83	0	0	0	0	449	0	27	0	59	0	148	0	0	62	0	0	45	653	0
ASV141	0	0	0	0	0	0	0	0	0	0	0	0	0	0	0	0	0	0	0	0	0	0	0	0	0	0	0	0	0	0	0	0	0	0	0	0	0	0	0	0	0	0	0	0	0	0	0	0	0	0	0	0	0	0	0	0	0	0	0	0	0	0	0	0	0	0	0	0	0	10	0	0	29	153	169	300	92	26	0	0	204	74	0	0	35	0	0	119	60	0	577	198	0	73	233	379	0	0	0	0	0	11	0	0	0	0	0	0
ASV142	0	0	0	0	0	0	0	0	0	0	0	0	0	0	0	0	0	0	0	0	0	0	0	0	0	0	0	0	0	0	0	0	0	0	0	0	0	0	0	0	0	0	0	0	0	0	0	0	0	0	0	0	0	0	0	0	0	0	0	0	0	0	0	0	0	0	0	0	0	43	0	0	0	11	0	0	92	0	15	0	68	0	0	77	0	14	96	36	885	82	0	0	28	0	0	0	0	0	0	483	0	172	0	59	0	104	19	1576
ASV143	0	0	0	0	0	0	0	0	0	0	0	0	0	0	0	0	0	0	0	0	0	0	0	0	0	0	0	0	0	0	0	0	0	0	0	0	0	0	0	0	0	0	0	0	0	0	0	0	0	0	0	0	0	0	0	0	0	0	0	0	0	0	0	0	0	0	40	0	0	0	0	50	99	0	0	32	0	26	0	0	23	30	656	0	0	0	0	60	98	0	45	112	17	22	366	166	0	0	520	0	0	0	0	0	0	0	0	156
ASV144	0	0	0	0	0	0	0	0	0	0	0	0	0	0	0	0	0	0	0	0	0	0	0	0	0	0	0	0	0	0	0	0	0	0	0	0	0	0	0	0	0	0	0	0	0	0	0	0	0	0	0	0	0	0	0	0	0	0	0	0	0	0	0	0	0	0	74	0	0	39	0	308	71	196	60	0	0	0	47	0	28	88	0	0	199	0	0	126	77	92	185	0	59	67	0	179	0	0	0	375	0	0	630	40	0	0	0	23
ASV145	0	0	0	0	0	0	0	0	0	0	0	0	0	0	0	0	0	0	0	0	0	0	0	0	0	0	0	0	0	0	0	0	0	0	0	0	0	0	0	0	0	0	0	0	0	0	0	0	0	0	0	0	0	0	0	0	0	0	0	0	0	0	0	0	0	0	0	0	0	0	0	0	0	67	0	35	0	28	0	108	0	47	0	0	282	21	0	0	0	0	0	734	0	111	82	0	23	59	24	50	0	43	174	34	82	25	0	226
ASV146	0	0	0	0	0	0	0	0	0	0	0	0	0	0	0	0	0	0	0	0	0	0	0	0	0	0	0	0	0	0	0	0	0	0	0	0	0	0	0	0	0	0	0	0	0	0	0	0	0	0	0	0	0	0	0	0	0	0	0	0	0	0	0	0	0	92	0	0	0	0	0	0	69	22	70	99	138	155	35	0	55	42	0	66	74	0	0	124	85	0	0	84	256	0	0	0	0	62	0	0	0	25	0	25	0	53	70	0
ASV147	0	0	0	0	0	0	0	0	0	0	0	0	0	0	0	0	0	0	0	0	0	0	0	0	0	0	0	0	0	0	0	0	0	0	0	0	0	0	0	0	0	0	0	0	0	0	0	0	0	0	0	0	0	0	0	0	0	0	0	0	0	0	0	0	0	0	0	0	0	13	0	0	31	38	185	33	0	0	0	0	4	330	0	0	0	0	14	72	245	12	41	103	12	0	0	20	0	3	8	47	0	0	0	0	0	0	42	0
ASV148	0	0	0	0	0	0	0	0	0	0	0	0	0	0	0	0	0	0	0	0	0	0	0	0	0	0	0	0	0	0	0	0	0	0	0	0	0	0	0	0	0	0	0	0	0	0	0	0	0	0	0	0	0	0	0	0	0	0	0	0	0	0	0	0	0	9	0	0	0	28	0	0	39	7	0	10	0	0	0	25	96	0	13	41	58	0	23	0	0	0	0	0	0	5	5	7	0	0	0	742	0	0	8	8	25	9	0	0
ASV149	0	0	0	0	0	0	0	0	0	0	0	0	0	0	0	0	0	0	0	0	0	0	0	0	0	0	0	0	0	0	0	0	0	0	0	0	0	0	0	0	0	0	0	0	0	0	0	0	0	0	0	0	0	0	0	0	0	0	0	0	0	0	0	0	0	0	0	0	0	0	0	0	12	5	14	36	0	19	4	0	22	44	0	0	22	0	0	13	11	10	0	29	0	63	0	8	0	13	0	0	0	26	42	0	0	0	16	55
ASV150	0	0	0	0	0	0	0	0	0	0	0	0	0	0	0	0	0	0	0	0	0	0	0	0	0	0	0	0	0	0	0	0	0	0	0	0	0	0	0	0	0	0	0	0	0	0	0	0	0	0	0	0	0	0	0	0	0	0	0	0	0	0	0	0	0	0	0	19	0	23	0	19	31	0	20	24	20	23	0	0	0	0	15	0	40	31	25	0	6	15	0	0	20	0	19	0	0	0	0	0	11	0	0	0	23	18	26	0
ASV151	0	0	0	0	0	0	0	0	0	0	0	0	0	0	0	0	0	0	0	0	0	0	0	0	0	0	0	0	0	0	0	0	0	0	0	0	0	0	0	0	0	0	0	0	0	0	0	0	0	0	0	0	0	0	0	0	0	0	0	0	0	0	0	0	0	10	10	10	0	0	0	7	0	0	0	39	0	24	0	14	24	0	0	4	0	16	9	15	0	0	5	30	11	0	0	0	21	0	0	0	14	0	0	13	9	0	20	0
ASV152	0	0	0	0	0	0	0	0	0	0	0	0	0	0	0	0	0	0	0	0	0	0	0	0	0	0	0	0	0	0	0	0	0	0	0	0	0	0	0	0	0	0	0	0	0	0	0	0	0	0	0	0	0	0	0	0	0	0	0	0	0	0	0	0	0	0	13	0	0	7	0	8	0	7	5	15	0	0	0	9	10	7	5	0	0	0	0	0	10	0	6	13	10	0	8	0	17	0	0	0	4	0	0	0	8	0	14	0
ASV153	0	0	0	0	0	0	0	0	0	0	0	0	0	0	0	0	0	0	0	0	0	0	0	0	0	0	0	0	0	0	0	0	0	0	0	0	0	0	0	0	0	0	0	0	0	0	0	0	0	0	0	0	0	0	0	0	0	0	0	0	0	0	0	0	0	4	0	9	4	2	3	9	0	0	3	5	0	10	0	0	0	0	3	4	4	7	0	0	5	0	3	5	0	2	0	0	0	0	0	0	7	0	0	3	0	0	0	5