ASV_ID	SRR10120033.fastq	SRR10120037.fastq	SRR10120038.fastq	SRR10120039.fastq	SRR10120040.fastq	SRR10120041.fastq	SRR10120042.fastq	SRR10120043.fastq	SRR10120044.fastq	SRR10120045.fastq	SRR10120046.fastq	SRR10120047.fastq	SRR10120048.fastq	SRR10120049.fastq	SRR10120050.fastq	SRR10120051.fastq	SRR10120052.fastq	SRR10120053.fastq	SRR10120054.fastq	SRR10120055.fastq	SRR10120056.fastq	SRR10120057.fastq	SRR10120066.fastq	SRR10120077.fastq	SRR10120099.fastq	SRR10120123.fastq	SRR10120124.fastq	SRR10120013.fastq	SRR10120014.fastq	SRR10120015.fastq	SRR10120016.fastq	SRR10120017.fastq	SRR10120018.fastq	SRR10120019.fastq	SRR10120020.fastq	SRR10120021.fastq	SRR10120022.fastq	SRR10120023.fastq	SRR10120024.fastq	SRR10120025.fastq	SRR10120026.fastq	SRR10120027.fastq	SRR10120028.fastq	SRR10120029.fastq	SRR10120030.fastq	SRR10120031.fastq	SRR10120032.fastq	SRR10120034.fastq	SRR10120035.fastq	SRR10120036.fastq	SRR10120058.fastq	SRR10120059.fastq	SRR10120060.fastq	SRR10120061.fastq	SRR10120062.fastq	SRR10120063.fastq	SRR10120064.fastq	SRR10120065.fastq	SRR10120067.fastq	SRR10120068.fastq	SRR10120069.fastq	SRR10120070.fastq	SRR10120071.fastq	SRR10120072.fastq	SRR10120073.fastq	SRR10120074.fastq	SRR10120075.fastq	SRR10120076.fastq	SRR10120078.fastq	SRR10120079.fastq	SRR10120080.fastq	SRR10120081.fastq	SRR10120082.fastq	SRR10120083.fastq	SRR10120084.fastq	SRR10120085.fastq	SRR10120087.fastq	SRR10120088.fastq	SRR10120089.fastq	SRR10120090.fastq	SRR10120091.fastq	SRR10120092.fastq	SRR10120093.fastq	SRR10120094.fastq	SRR10120095.fastq	SRR10120096.fastq	SRR10120097.fastq	SRR10120098.fastq	SRR10120100.fastq	SRR10120101.fastq	SRR10120102.fastq	SRR10120103.fastq	SRR10120104.fastq	SRR10120105.fastq	SRR10120106.fastq	SRR10120107.fastq	SRR10120108.fastq	SRR10120109.fastq	SRR10120110.fastq	SRR10120111.fastq	SRR10120112.fastq	SRR10120113.fastq	SRR10120114.fastq	SRR10120115.fastq	SRR10120116.fastq	SRR10120117.fastq	SRR10120118.fastq	SRR10120119.fastq	SRR10120120.fastq	SRR10120121.fastq	SRR10120122.fastq
ASV1	2771	9378	4257	3390	52	4194	4567	110	2092	45	887	751	45	29365	2067	62	2343	14267	2608	508	1043	2246	93	443	15063	2169	1692	5149	90	11268	4771	29	196	18	2653	14146	4546	781	32	193	625	1187	58	1290	223	2596	10251	49	1567	2880	19	1437	3736	5545	5085	109	570	4097	6241	3262	4262	1439	2065	1261	954	3466	54	31	212	12020	3198	122	595	40	7540	666	4842	11193	689	457	2081	4067	1783	629	81	302	2473	1181	5804	5323	43	3004	564	459	9316	2033	21	4844	2219	103	53	59	6520	626	2163	747	13	605	2685	32	2285
ASV2	150	1533	764	6325	152	6013	6893	979	1408	2040	2235	327	602	890	1815	77	914	3242	9923	555	204	244	165	4599	57	34	1872	3020	649	2387	885	27	172	1341	13364	1036	6388	2180	2310	1010	1984	7535	88	3765	1865	470	4139	2762	1257	4818	43	183	2424	142	1302	173	4288	4374	5023	4388	2544	1066	39	187	1799	3379	29	0	3440	394	482	2306	3290	68	6670	2068	523	489	179	971	1099	613	64	0	1951	2203	4050	3847	2844	3581	41	2214	723	1598	8171	2950	48	798	317	84	21	1377	367	2882	774	1640	0	6116	1427	34	9091
ASV3	28	2079	1072	1664	108	2575	3587	2360	839	1840	2230	1131	480	1116	1734	0	858	3419	993	3267	439	89	62	877	0	0	1039	176	505	720	72	63	97	1914	2659	989	2365	1501	1396	1325	197	8626	0	1103	1601	2885	3995	85	2559	231	0	5951	2730	5411	41	336	898	3618	2686	3815	1320	1731	41	55	3632	1838	20	0	873	544	145	1493	7860	0	2442	506	540	438	852	5848	617	6501	430	0	2755	368	3613	1989	450	4015	34	2243	52	4139	134	1006	0	905	8309	27	38	752	4566	2012	1009	7719	46	2593	813	0	1351
ASV4	83	382	295	1746	42	3383	2605	2620	9100	754	8047	113	5259	798	980	30	217	425	1383	52	191	231	96	2548	106	2168	2991	1449	278	876	32	27	104	382	912	201	1089	870	1943	1715	305	3518	62	627	2800	3596	1764	344	4630	1896	38	778	316	796	284	39	3052	2265	3001	1077	1541	1484	1746	438	6704	2251	18	27	325	690	170	5764	740	3819	1610	890	602	176	1408	3095	13968	5880	185	50	765	467	1843	469	1807	2849	665	1529	359	1386	1697	3462	1612	272	1520	43	0	1749	5602	3923	311	1240	18	661	951	0	6425
ASV5	604	170	21	109	704	390	85	1063	263	6611	528	247	14	847	942	2413	1000	202	107	143	3626	1197	0	1287	0	384	138	783	795	961	7170	57	21202	685	235	296	87	202	214	206	17	176	2073	1116	445	1125	221	1599	100	331	1153	515	359	181	1690	124	2824	4289	1709	504	196	23	1020	4093	593	1226	1680	5539	1072	1525	561	539	1847	32	303	617	561	2623	287	365	655	71	266	904	485	313	168	189	94	415	599	328	2495	184	1209	78	874	1033	277	2668	26884	219	154	2788	1530	223	110	61	431	85	374
ASV6	1684	112	0	3411	2000	39	21	65	5870	292	109	53	51	0	81	4552	199	118	551	44	198	1748	1295	127	27	1159	16	1377	66	23	1533	407	312	67	1526	33	817	9939	2356	205	129	34	3042	955	33	35	101	1016	51	582	14905	353	1270	70	203	2481	426	8236	131	227	695	708	2297	230	626	275	11597	985	216	79	154	84	16	2516	36	218	64	148	60	1277	674	142	182	8270	107	167	37	1164	695	2548	1479	23	937	321	360	24	10	46	149	3122	24	79	114	3062	175	11156	13	1692	1157	1978	721
ASV7	704	165	38	256	18849	1702	78	146	5002	881	89	242	5274	219	145	34	205	279	299	65	103	145	479	877	21	183	513	4580	67	241	28	24	0	119	974	669	7981	401	1094	1797	354	791	0	831	349	95	764	104	678	12359	25	122	848	197	74	8556	7042	525	435	348	555	47	1818	92	2581	1592	18	44	1194	241	1070	1686	676	2713	464	225	87	38	4770	156	256	411	407	29	2532	431	615	1499	4542	658	5451	482	179	638	1732	556	0	173	152	430	85	141	474	46	229	701	15	1383	121	0	1847
ASV8	3222	21	536	648	694	62	173	171	443	1090	1712	131	4068	119	87	11331	1322	47	351	1559	97	2988	769	57	2960	1444	47	292	103	433	819	9792	413	208	189	36	118	1134	153	45	114	870	613	441	106	1792	25	158	121	267	1717	1206	4489	697	672	31	495	645	85	150	241	248	684	663	74	649	724	6818	37	112	137	395	555	11303	154	124	51	281	83	296	197	533	342	1333	444	36	29	269	0	81	1065	32	880	95	421	142	23	380	2304	918	5446	112	1632	1793	1573	3745	42	578	298	876	221
ASV9	1697	0	122	308	426	0	0	332	0	44	151	186	24	105	496	1383	160	668	0	3385	1897	1157	0	0	0	0	0	584	84	0	0	89	1298	105	175	189	314	938	966	0	597	145	0	289	88	789	0	120	0	0	62	2394	739	2446	857	115	1942	610	509	2280	1184	281	6581	0	973	0	3227	198	635	0	0	783	2022	0	0	541	619	0	2063	621	0	0	3114	2782	72	0	199	881	1490	1564	518	198	2627	319	1550	273	62	1472	2729	5193	5542	51	797	202	315	169	33	268	323	67	409
ASV10	0	0	2456	122	0	0	860	852	0	595	1618	144	0	164	1814	2579	9681	632	362	0	196	0	61	0	0	0	66	0	0	0	0	0	0	0	0	0	0	0	0	0	0	0	0	0	0	0	0	0	0	0	0	0	0	0	0	0	0	0	0	0	0	0	0	0	0	0	0	0	0	0	0	0	0	0	0	0	0	0	0	0	0	0	0	0	0	0	0	0	0	0	0	0	0	0	0	0	0	0	0	0	0	0	0	0	0	0	0	0	0	0	0
ASV11	30	0	20	75	28	23	7374	824	1497	0	830	0	5165	284	13	24	2242	6390	41	0	1326	24	447	1056	15	0	0	0	8838	38	296	10	579	55	3082	0	414	1234	29	238	349	0	0	0	0	180	354	7299	39	0	0	0	155	0	0	166	395	2877	1614	764	610	162	0	86	1467	0	0	0	8	26	0	0	4856	30	0	0	0	1887	480	225	814	0	93	0	0	0	309	0	0	726	5349	0	485	358	1210	0	0	0	0	163	18	19	0	0	23	0	0	0	0	8	90
ASV12	63	761	251	143	26	278	540	1068	69	31	1733	378	0	265	307	14	351	490	200	2944	55	209	24	697	116	531	236	104	421	702	65	0	135	129	4190	1847	1486	174	725	1033	294	25	0	1374	400	345	444	38	313	92	19	200	487	239	1442	17	105	0	1608	1072	237	202	1026	16	0	449	14	0	758	202	267	236	353	13	1730	5324	198	27	1472	107	130	383	13	57	556	59	438	558	665	90	1284	628	42	113	130	633	14	169	85	0	25	667	373	376	106	175	15	70	1985	13	833
ASV13	385	20	0	252	161	126	15	26	22	68	737	21	73	0	5994	1627	357	18	217	3668	294	0	19	18	135	9	0	163	1763	38	28	0	21	19	6	461	10	375	57	2040	5732	47	1223	21	551	0	11	1503	67	181	401	15	106	19	16	204	1606	75	87	16	41	22	93	78	23	129	708	3795	22	12	37	50	86	1658	73	32	40	5	130	52	19	10	13430	11	25	31	24	43	29	43	372	50	6	210	105	11	2162	136	12	125	134	14	21	274	11	0	0	607	30	279	37
ASV14	5	0	4	94	5	0	246	0	182	0	744	0	0	3	87	0	2	178	526	5	0	0	4478	8	0	73	3	18	4	0	7	4	0	1119	0	0	49	0	3	149	0	1544	0	9	102	629	0	50	1234	0	7	363	9	423	0	7	14	8	2742	476	3	0	9	0	5	106	4	14	2	217	1099	13	47	8	26	9	665	0	41	8	8	601	3	2	6599	14	161	12	7	31	12526	132	10	2684	11	11	0	2473	47	3	10	499	64	13	6943	283	9	12	81	5	15
ASV15	116	39	873	592	0	180	528	1029	795	0	93	453	0	242	165	0	2160	0	65	24	58	547	186	119	0	444	24	6435	109	881	61	64	90	23	0	342	736	287	0	5468	91	123	0	135	41	143	963	214	318	3174	0	0	226	34	3544	24	0	18	29	1066	2495	443	306	31	135	0	0	128	308	0	0	861	38	0	187	775	194	153	159	186	424	114	60	23	690	0	266	1822	206	399	0	299	0	284	41	580	36	54	0	108	0	1233	129	542	657	1863	0	219	147	0	0
ASV16	405	0	18	112	903	25	188	0	19	12696	285	542	11	0	39	948	105	0	25	9	1093	105	17	617	4	194	0	0	118	327	513	18	375	191	0	0	66	22	0	114	124	0	446	130	254	0	353	2774	25	0	138	257	134	180	114	37	834	1940	1071	1004	551	52	1169	73	0	1017	35	256	110	50	168	166	106	67	134	55	96	864	0	34	61	99	94	261	79	65	352	20	414	23	91	23	1405	57	1091	169	2976	598	167	651	3448	32	60	1632	35	82	0	126	78	414	102
ASV17	0	0	45	0	367	2	902	22	1330	6	195	8	9	0	5	5	0	37	9	10	0	40	67	7	1799	45	17	70	5	52	42	2319	7	5087	0	0	40	173	2645	6	4	80	732	0	0	738	0	0	231	25	3316	8	11	16	5	3617	1212	8	13	0	125	5951	61	12	2	979	23	4477	6	278	49	36	21	203	6	0	0	2	153	331	24	9	10	107	1383	4	0	2	0	0	468	57	0	9	0	399	6	136	7	124	69	928	10	0	237	5	4369	0	579	17	0
ASV18	0	0	9	0	5	16	12	0	0	6	2	0	1365	0	547	10	0	7	516	0	0	6281	0	0	20	0	100	0	0	0	0	0	0	0	0	0	0	0	0	0	0	0	0	0	0	0	0	0	0	0	0	0	0	0	0	0	0	0	0	0	0	0	0	0	0	0	0	0	0	0	0	0	0	0	0	0	0	0	0	0	0	0	0	0	0	0	0	0	0	0	0	0	0	0	0	0	0	0	0	0	0	0	0	0	0	0	0	0	0	0	0
ASV19	5	631	8	0	0	4	7	2	0	49	9	0	0	0	9	18	0	3362	67	0	1538	12	0	49	24	8	15	32	38	7	284	731	16	41	0	0	0	0	22	4	31	9	679	0	0	0	13	0	941	21	0	303	0	879	0	35	2	5	3	10	0	0	44	10	0	6	0	0	0	79	2	0	0	54	11	15	6	0	3	0	0	194	0	10	0	2	0	0	0	0	0	13	0	0	0	0	1260	21	334	14	346	29	250	23	486	0	48	8	28657	34	0
ASV20	1110	163	13	0	0	66	76	262	146	173	1031	190	19	27	67	81	79	180	81	331	96	285	29	68	1013	273	36	0	24	55	78	18	53	63	330	90	326	343	603	36	141	71	31	78	0	489	99	15	75	0	14	1023	247	2599	755	43	1207	859	169	784	423	698	4615	51	1444	443	24	57	230	125	97	708	456	29	618	129	63	84	124	227	326	398	73	603	323	70	52	491	354	177	494	54	2531	79	2072	99	9	174	213	525	0	22	794	125	155	29	0	278	246	0	254
ASV21	55	201	397	99	13	367	608	219	51	483	1204	136	137	119	409	52	117	149	391	1126	576	0	899	337	944	379	111	14	213	285	117	92	281	18	666	145	456	538	460	271	826	130	0	265	216	352	246	207	360	7	0	730	815	353	0	0	600	655	179	499	120	354	0	126	1590	166	0	7	467	301	374	558	19	0	1161	431	156	220	31	634	963	337	91	0	826	236	170	224	42	255	270	323	213	191	297	250	5	276	459	0	11	319	333	1270	360	1883	95	78	141	17	415
ASV22	903	157	41	245	68	233	137	55	0	0	495	20	26	29	169	1173	72	154	76	14	1516	1156	792	295	1484	2411	49	67	100	74	601	27	937	52	136	46	207	312	86	43	255	42	490	119	55	243	188	56	46	35	29	892	650	1031	245	23	604	326	426	1150	573	165	1292	223	158	248	0	129	230	61	230	680	216	132	327	68	342	241	0	103	97	552	88	2487	152	146	123	311	64	367	245	34	206	121	282	130	13	352	524	178	0	26	194	176	290	525	10	574	287	62	208
ASV23	96	43	45	432	13	1031	639	97	23	30	1143	10	23	198	59	17	535	88	477	13	189	74	1761	271	43	322	212	0	23	237	233	0	539	9	311	29	258	124	0	852	224	389	191	2816	193	23	152	1594	788	7	0	430	136	180	221	66	164	206	388	248	1480	230	12	28	463	915	0	0	174	34	539	182	1865	25	1533	229	554	149	73	276	304	188	23	10	385	22	176	265	99	49	0	93	50	143	95	760	0	12	310	0	0	58	153	65	390	986	18	97	357	0	691
ASV24	0	3119	4	8598	22	983	248	1478	0	0	5	9	26	57	0	4	0	0	0	0	310	0	5	5	5	0	9	0	0	6	65	5	28	167	0	756	0	6	9	7	216	384	78	651	0	71	1012	4	463	0	0	0	435	5	0	6	4	31	128	1285	3	0	0	6	0	638	4	0	3	216	1203	0	132	0	0	11	179	1604	1483	12	5876	0	0	0	10	5	983	0	3	0	0	0	0	109	0	233	0	0	0	0	0	78	0	0	5	3	0	0	3	4	5
ASV25	537	5835	4615	42	154	27	1474	51	0	0	23	6	1167	7	0	813	13	6	332	12	95	9	3	82	424	449	36	143	17	20	1201	0	0	10	0	4	0	30	39	0	24	15	79	0	40	536	0	14	223	93	64	20	0	27	41	78	156	28	174	9	0	1234	117	10	20	9	401	50	284	171	0	366	266	807	218	53	14	15	47	0	56	13	25	340	0	78	0	232	30	13	299	63	18	3	13	0	7	579	12	517	26	927	15	80	298	46	1147	0	1379	44	14
ASV26	0	155	0	860	36	388	0	104	81	0	0	0	2430	295	10	0	98	16	96	0	375	0	70	189	40	302	516	45	28	25	6	0	12	93	1612	80	0	33	291	1712	1398	0	11	47	247	44	32	1341	30	380	113	0	262	82	58	66	0	80	74	39	0	439	0	3	717	317	0	0	26	32	806	88	1801	56	452	1548	676	273	154	1630	608	149	0	0	1527	77	0	303	0	0	782	70	0	42	11	57	0	36	11	0	2	127	61	0	44	250	0	2239	13	0	11
ASV27	276	187	30	69	136	144	214	307	44	23	205	172	0	38	52	144	101	162	109	651	747	1087	656	365	2464	592	27	178	37	52	224	45	401	94	182	44	104	97	550	49	210	124	254	189	33	120	193	35	142	82	0	1535	328	1257	26	37	923	110	308	1481	512	38	188	201	176	326	0	36	108	155	197	265	577	954	111	144	56	0	294	0	135	778	77	0	127	104	155	112	199	89	87	34	310	59	349	75	9	144	845	121	0	58	336	192	238	669	52	481	182	34	514
ASV28	0	1213	6	200	3	125	268	246	15	0	135	0	0	110	42	0	29	0	336	19	607	0	156	1768	100	238	60	28	156	243	118	5	280	1550	191	292	20	6	0	877	593	142	2	0	666	47	1584	617	234	166	0	12	139	40	11	0	0	35	190	825	1014	196	0	0	163	85	0	2	0	201	372	3	42	3	120	1666	732	73	3	777	53	52	98	0	701	285	458	52	23	10	106	617	0	117	7	832	6	425	16	3	0	491	48	0	106	570	0	2453	745	5	178
ASV29	1597	0	0	39	75	44	15	0	0	0	121	74	117	24	24	91	0	55	77	0	93	442	39	0	408	388	0	215	11	0	0	0	738	307	303	32	261	86	0	0	120	0	533	0	23	63	145	0	16	82	0	169	289	587	494	0	121	269	174	989	685	185	1002	236	824	147	1102	0	0	52	214	124	257	7	238	147	121	0	243	81	435	123	182	2695	111	0	65	77	245	693	283	0	205	70	1540	0	0	127	66	71	48	0	184	51	29	141	0	290	37	0	139
ASV30	64	24	0	53	0	0	0	105	0	2991	176	144	0	80	0	135	127	0	0	0	642	66	0	369	0	173	35	56	0	211	266	0	92	128	0	24	35	0	34	0	104	103	0	0	0	0	253	1006	0	75	71	126	0	49	0	0	395	1364	762	716	733	0	439	0	53	264	0	136	0	0	135	165	61	0	130	0	41	567	51	0	83	0	0	49	55	0	176	0	295	0	0	0	863	38	646	0	1625	0	51	77	3003	0	0	1886	0	40	0	75	48	0	0
ASV31	2983	314	319	39	0	186	290	61	0	107	372	56	0	45	57	2343	78	134	61	0	87	282	76	123	0	214	75	352	42	139	133	154	431	150	494	80	218	0	0	9	180	26	77	135	0	71	19	0	169	148	0	673	361	769	590	22	0	200	216	84	73	0	1530	137	42	104	0	0	25	62	19	250	222	22	216	0	161	35	18	147	124	620	55	0	29	67	14	71	110	216	0	183	0	84	0	34	130	167	308	91	0	43	212	94	65	26	106	101	59	19	419
ASV32	2875	76	0	69	222	24	182	42	75	26	90	0	0	50	94	356	34	0	89	7	1294	231	0	84	0	398	0	27	89	224	570	0	592	184	37	78	148	10	0	108	0	8	149	0	50	385	14	1278	30	69	9	195	59	223	510	0	251	417	198	67	204	239	1187	69	41	880	338	55	99	310	283	307	390	0	0	24	204	787	31	23	53	100	24	22	143	103	13	43	42	28	126	42	23	14	26	335	0	366	169	95	0	59	75	0	41	105	4	367	9	0	107
ASV33	0	601	2	31	78	0	16	453	28	0	35	0	358	934	92	3	0	26	20	20	449	0	19	164	13	92	37	0	280	653	14	5	148	59	348	45	120	0	0	109	0	323	4	42	921	143	395	283	119	0	0	3	153	101	118	5	0	49	100	343	0	442	0	0	957	319	0	0	4	261	246	857	44	0	382	1833	309	69	358	732	310	106	2	0	654	146	367	252	0	62	520	158	0	10	7	577	3	499	25	0	0	225	49	3	176	95	7	330	299	15	56
ASV34	0	57	0	69	0	389	117	0	47	83	81	0	214	112	164	0	134	190	465	12	16	32	16	489	0	0	321	0	16	207	8	0	28	0	547	182	12	0	0	564	36	181	0	98	165	72	817	0	220	0	0	55	1357	34	1243	0	0	0	42	429	92	0	0	0	7	162	0	0	312	103	29	157	71	0	128	321	134	863	0	0	1289	196	0	0	905	123	802	174	201	466	0	194	0	225	0	844	0	65	36	0	0	360	139	365	108	0	0	38	29	0	1349
ASV35	0	1126	4	155	0	94	102	0	8	0	527	0	9	71	1172	0	31	167	211	48	36	0	61	557	0	9	443	0	394	533	113	0	91	223	91	19	0	0	0	96	170	103	0	9	169	71	447	81	0	0	3	35	124	905	4	0	0	88	264	265	151	101	0	2	41	182	0	0	0	932	57	75	25	0	0	0	134	106	44	137	0	327	13	3	168	1281	251	65	4	0	0	443	0	192	3	842	0	888	560	3	0	652	452	0	616	19	11	102	287	0	413
ASV36	34	50	69	238	0	97	140	83	18	8	227	17	18	179	13	9	147	68	54	32	236	166	2051	411	185	229	0	123	229	134	26	0	315	27	118	78	78	37	88	33	102	342	10	103	38	195	196	71	85	0	0	97	117	62	292	23	168	237	53	406	367	193	213	44	250	329	0	0	168	75	109	568	430	34	829	524	113	0	64	61	410	71	140	178	49	34	88	187	141	117	87	39	161	81	177	111	25	598	58	196	0	166	29	401	93	96	0	35	50	0	676
ASV37	0	263	0	122	0	0	0	106	0	0	25	23	7	28	45	0	0	0	98	191	195	0	8	400	0	61	0	15	37	44	0	0	0	70	31	0	370	0	0	70	154	84	10	51	1526	114	24	15	14	121	19	0	48	0	122	0	0	0	170	19	0	15	0	11	0	126	0	0	285	98	5774	15	66	0	24	160	55	139	0	371	152	23	25	4	0	3115	19	88	44	335	279	311	0	42	0	355	0	63	0	0	0	28	0	0	0	66	0	573	23	28	58
ASV38	0	333	22	22	7	152	8	137	38	16	883	27	0	95	56	6	242	4	81	135	422	22	163	121	19	158	6	84	26	3	170	0	374	93	270	5	218	28	801	57	179	81	0	39	416	11	890	10	43	138	0	66	567	174	91	7	7	99	64	1215	595	185	43	7	979	271	0	0	179	109	30	147	7	0	361	77	21	75	20	57	297	59	0	0	128	52	332	134	66	33	29	64	57	25	66	143	29	36	32	89	0	255	30	0	41	183	0	55	500	0	819
ASV39	639	300	275	29	19	28	38	48	0	0	6	0	0	24	65	1804	14	64	30	0	78	171	446	109	59	0	14	0	7	4	173	12	89	33	180	64	48	35	131	17	66	32	0	13	20	379	608	27	157	0	17	492	151	280	390	10	3	208	106	662	45	12	661	6	198	57	0	164	84	0	11	168	125	0	306	27	29	53	13	30	76	182	838	6	27	63	124	97	0	81	372	35	175	24	162	27	0	0	156	265	523	18	61	204	8	37	0	52	20	6	147
ASV40	9	0	4	0	4	27	0	0	454	0	5	0	0	0	0	2	256	0	4700	334	0	60	5	0	4	0	5	0	0	0	0	0	0	0	0	0	0	0	0	0	0	0	0	0	0	0	0	0	0	0	0	0	0	0	0	0	0	0	0	0	0	0	0	0	0	0	0	0	0	0	0	0	0	0	0	0	0	0	0	0	0	0	0	0	0	0	0	0	0	0	0	0	0	0	0	0	0	0	0	0	0	0	0	0	0	0	0	0	0	0	0
ASV41	266	0	55	71	28	0	0	76	132	42	176	37	0	45	60	344	29	95	34	0	365	340	338	68	0	464	20	241	0	44	240	15	376	64	127	35	30	10	44	0	46	80	62	71	19	0	50	51	0	95	0	46	324	65	71	31	124	0	136	242	250	20	1193	42	199	0	0	32	0	49	66	38	1091	28	546	77	226	115	81	75	229	25	222	0	13	0	35	0	124	67	265	41	236	63	266	36	0	0	0	323	0	17	19	0	55	501	0	286	0	0	264
ASV42	133	223	136	29	112	49	289	102	0	26	271	27	0	45	81	0	68	33	74	0	201	155	96	122	57	301	50	83	115	53	439	34	37	45	103	89	37	0	19	24	27	240	136	96	21	118	82	19	236	168	8	226	177	384	79	0	78	206	38	86	43	27	267	88	40	39	0	66	43	33	24	63	53	0	125	76	56	50	44	0	0	158	72	57	39	23	17	21	30	38	49	50	103	27	120	51	7	127	108	214	0	127	68	892	217	0	0	60	118	19	150
ASV43	41	20	35	16	98	41	26	87	47	8	76	26	38	43	228	26	173	128	19	60	606	255	148	39	36	0	0	20	15	0	28	0	1822	113	0	0	24	28	91	0	12	90	54	104	10	1129	43	0	0	0	0	49	234	98	75	0	82	125	46	138	235	41	98	0	100	54	0	0	50	17	24	140	232	36	155	22	128	35	203	40	32	0	16	11	15	13	18	55	19	24	60	47	370	26	245	46	0	173	64	148	12	0	21	102	21	50	19	49	57	0	61
ASV44	23	113	256	142	431	29	201	53	409	0	71	13	0	32	35	9	64	84	39	0	91	99	161	107	0	123	36	70	29	92	168	26	141	89	77	33	34	355	41	7	55	25	35	62	6	54	91	23	354	42	0	87	154	77	92	0	345	228	47	85	65	43	159	19	49	59	0	0	124	48	41	133	45	0	93	87	0	52	94	25	26	54	82	39	41	40	28	35	22	55	5	27	14	17	47	43	0	72	29	25	0	30	32	113	121	86	0	55	125	9	147
ASV45	25	31	15	8	0	16	37	58	140	0	5	16	0	219	29	0	0	33	131	0	126	726	49	14	387	63	59	46	4	234	0	0	12	107	14	0	36	0	0	8	105	0	0	0	9	519	277	0	40	60	0	8	8	7	108	0	0	21	10	1019	0	48	38	0	18	14	3	0	90	20	51	67	0	0	103	972	13	0	0	13	264	0	8	0	0	47	680	0	89	319	108	23	0	31	68	48	0	14	0	0	0	87	4	19	11	0	0	44	13	0	42
ASV46	586	0	0	127	41	13	0	12	0	14	10	0	0	112	29	889	26	0	89	0	210	78	0	0	0	66	0	0	0	98	455	0	248	29	10	0	44	0	0	42	41	0	59	0	0	0	0	341	16	0	5	477	13	27	0	25	12	140	24	33	18	12	225	9	6	72	35	13	0	195	57	62	301	155	49	0	18	691	0	0	34	21	0	62	12	31	0	0	0	0	120	11	14	0	12	596	0	30	41	0	24	0	14	0	16	17	0	26	0	49	0
ASV47	0	88	0	1280	16	28	0	19	5	0	18	0	24	11	0	0	17	0	25	13	16	0	3	0	4	5	0	70	0	179	7	0	0	62	36	0	13	0	46	202	0	9	0	8	169	29	31	40	9	230	0	0	149	0	0	0	0	0	22	23	60	40	0	0	169	24	0	0	0	0	98	0	14	0	0	186	116	41	29	150	38	8	0	0	66	354	21	26	0	6	65	0	0	0	0	162	0	701	0	0	0	11	0	0	21	19	3	888	5	0	0
ASV48	315	49	43	0	0	0	18	0	24	0	0	0	0	0	0	10	6	9	41	0	0	50	0	14	2	9	159	0	3	0	0	0	14	0	40	18	198	107	0	44	0	0	164	0	0	9	0	0	0	0	40	11	23	62	771	12	18	5	19	0	41	121	155	143	106	185	0	591	16	0	0	0	0	0	74	53	9	0	0	9	0	17	207	0	226	0	3	0	6	18	32	5	0	0	229	96	0	13	22	57	0	0	13	280	17	0	0	25	28	0	72
ASV49	0	61	29	33	0	82	64	161	0	38	120	0	45	63	70	0	57	45	50	127	40	0	77	122	0	151	0	0	33	15	76	0	216	0	51	23	19	67	0	20	43	31	0	0	12	109	71	0	18	0	0	27	147	23	27	0	0	29	61	112	31	192	0	17	16	21	0	0	0	9	24	138	37	0	112	75	73	105	0	0	0	12	0	0	13	0	31	48	0	76	0	8	0	26	0	26	0	0	36	0	0	33	19	24	58	218	7	97	472	18	124
ASV50	37	86	28	35	0	65	143	0	0	0	134	7	154	21	0	39	20	100	58	0	88	0	19	107	46	171	48	0	53	96	46	0	13	106	69	32	18	142	80	14	40	121	221	0	20	40	83	0	411	0	0	0	0	19	0	0	0	66	7	63	57	0	87	33	20	27	0	0	0	38	15	51	34	0	67	86	14	35	40	7	0	44	12	44	10	45	16	28	7	27	0	0	0	12	0	14	0	110	0	0	0	126	69	0	94	17	0	10	24	8	33
ASV51	66	7	0	0	3	0	9	5	10	0	0	0	0	10	2	0	0	0	0	0	38	16	3	34	0	4	20	11	0	0	0	0	18	0	15	5	254	0	26	8	2	6	0	0	3	0	3	0	4	3	6	0	25	4	344	8	10	24	21	80	38	106	222	39	190	104	0	46	97	22	0	7	195	19	132	20	0	12	24	7	206	12	18	3	127	8	24	110	0	70	11	5	116	28	304	59	0	0	0	75	0	4	3	0	0	0	0	0	0	0	70
ASV52	68	0	0	10	82	0	14	12	0	12	19	0	0	154	61	169	15	6	16	0	17	15	0	0	9	50	3	0	0	34	103	0	75	79	11	46	6	0	8	25	0	0	80	7	30	196	0	81	0	0	56	23	0	24	28	25	4	65	21	0	0	0	69	2	0	170	98	130	14	39	67	38	17	0	0	4	28	146	12	0	0	18	10	0	100	9	0	8	0	0	141	0	4	0	12	40	0	50	19	3	6	0	4	0	43	7	0	35	8	70	3
ASV53	0	29	5	0	269	0	8	0	0	0	9	7	30	0	9	0	0	5	8	21	6	26	0	21	0	5	0	130	0	9	0	0	0	0	0	3	46	0	163	0	11	0	0	0	15	0	0	0	8	331	0	0	0	0	0	485	32	9	12	0	0	4	2	0	44	37	270	7	70	0	68	0	0	0	11	38	7	0	255	222	17	0	13	0	0	35	0	10	37	55	9	15	0	7	6	9	2	0	0	0	0	0	0	8	0	13	0	10	17	0	45
ASV54	0	0	0	67	0	56	13	104	0	0	86	0	0	92	51	0	61	9	9	0	12	0	9	17	0	10	11	0	28	44	12	0	3	0	45	16	0	0	0	9	89	37	0	20	10	8	25	0	17	0	0	0	0	12	0	0	0	15	188	36	42	40	13	5	8	21	0	0	51	5	5	110	79	0	197	9	0	27	0	0	147	0	9	0	6	20	25	16	35	6	0	0	29	0	13	70	0	0	0	0	0	21	0	0	0	0	4	0	33	0	342
ASV55	9	11	54	9	0	25	42	47	0	0	60	0	0	0	17	0	0	0	0	43	15	379	14	0	45	10	11	25	6	0	13	20	10	18	0	0	0	0	17	16	15	0	0	0	9	80	22	0	22	35	0	71	29	90	55	0	0	101	0	48	0	28	230	17	22	0	0	0	0	0	16	64	5	0	46	0	27	0	9	23	0	0	6	0	29	0	0	0	0	10	19	8	0	6	0	46	0	22	8	0	0	0	0	134	9	18	0	59	12	5	36
ASV56	0	7	54	108	0	20	28	0	0	0	7	0	8	0	0	0	5	63	27	0	25	0	98	70	33	21	7	0	8	45	48	0	40	0	13	46	0	0	24	0	10	0	0	29	0	23	14	0	26	0	0	24	40	15	0	0	0	16	0	12	5	11	11	0	0	29	0	0	16	0	0	16	10	0	9	9	9	46	6	0	14	13	23	0	0	0	0	13	0	0	10	0	0	6	17	3	0	20	21	0	0	20	0	26	104	6	0	0	32	0	9
ASV57	0	129	72	0	0	16	48	0	58	0	22	0	0	41	18	0	37	37	11	0	0	0	0	0	56	57	15	0	0	0	0	0	0	0	0	0	0	0	0	0	0	0	0	0	0	0	0	0	0	0	0	0	0	0	0	0	0	0	0	0	0	0	0	0	0	0	0	0	0	0	0	0	0	0	0	0	0	0	0	0	0	0	0	0	0	0	0	0	0	0	0	0	0	0	0	0	0	0	0	0	0	0	0	0	0	0	0	0	0	0	0
ASV58	0	0	0	0	0	0	0	0	0	0	0	0	0	0	0	0	0	0	0	0	0	0	0	0	0	0	0	14	0	83	10	8	0	15	0	0	0	5	3506	5	0	0	1039	0	0	0	0	0	0	0	4	6	107	12	5	10767	303	56	5	0	68	9181	0	60	5	39	0	10	6	0	18	66	366	28	0	0	86	0	0	11	0	0	0	6	8	0	0	0	3	15	0	80	5	0	0	0	7	8272	9	8	0	2326	0	0	253	23	302	4	17	12	0
ASV59	0	0	0	0	0	0	0	0	0	0	0	0	0	0	0	0	0	0	0	0	0	0	0	0	0	0	0	0	86	409	1586	0	0	637	330	0	27	0	0	120	0	22	428	0	0	0	46	0	0	1310	62	139	653	142	96	90	2483	1905	554	253	0	0	0	6321	108	1461	0	0	353	303	494	0	678	248	52	92	369	129	0	0	198	173	384	81	98	399	97	63	0	0	373	0	0	0	0	0	142	0	97	0	0	0	0	0	0	732	0	18	0	0	548
ASV60	0	0	0	0	0	0	0	0	0	0	0	0	0	0	0	0	0	0	0	0	0	0	0	0	0	0	0	191	0	77	0	0	0	74	0	0	1590	0	0	82	0	58	0	103	0	50	77	72	0	939	0	13	0	0	0	0	0	0	239	0	0	119	0	23	308	1258	783	0	1651	0	3248	53	0	949	0	4289	181	903	2719	0	1338	176	293	0	1600	1032	148	0	0	1702	0	353	0	0	391	0	12	142	0	0	0	57	41	29	58	145	0	0	62	0	86
ASV61	0	0	0	0	0	0	0	0	0	0	0	0	0	0	0	0	0	0	0	0	0	0	0	0	0	0	0	24	0	0	0	0	0	14	0	0	55	107	11	0	0	34	117	26	0	0	25	9	14	47	13	31	0	17	124	0	26	14	40	86	20	0	184	0	61	40	34	67	61	22	0	200	0	0	96	130	0	15	156	31	0	76	251	16	73	13	124	633	77	516	0	8	42	103	156	0	0	0	0	114	0	0	21	143	11	0	0	0	15	0	10
ASV62	0	0	0	0	0	0	0	0	0	0	0	0	0	0	0	0	0	0	0	0	0	0	0	0	0	0	0	0	20	81	0	0	0	0	0	0	0	17	70	0	23	25	0	0	23	20	34	28	72	9	0	0	0	0	55	0	0	18	46	28	43	17	25	0	14	34	0	0	46	0	178	83	55	30	24	104	77	0	148	125	43	0	79	0	22	390	18	0	20	84	105	16	0	25	25	0	0	157	0	0	0	0	0	19	0	16	0	13	113	0	39
ASV63	0	0	0	0	0	0	0	0	0	0	0	0	0	0	0	0	0	0	0	0	0	0	0	0	0	0	0	0	0	0	0	0	0	2	5	6	12	397	22	0	30	0	51	0	0	0	18	3	0	0	22	8	0	13	4	37	16	0	2	98	2	29	200	321	34	14	0	119	15	0	0	3	5	0	0	13	0	34	0	7	5	12	24	0	3	0	28	0	0	69	92	0	23	0	90	38	0	0	8	54	13	0	3	485	0	3	0	0	0	0	47
ASV64	0	0	0	0	0	0	0	0	0	0	0	0	0	0	0	0	0	0	0	0	0	0	0	0	0	0	0	0	43	0	46	0	131	26	0	0	0	0	0	24	38	12	0	59	7	49	0	25	24	0	0	12	121	23	0	13	11	37	152	55	298	10	0	0	15	0	0	0	18	0	96	37	243	19	25	0	104	0	17	0	0	15	0	0	19	8	0	15	0	12	23	21	0	24	0	32	0	201	0	85	0	27	0	0	47	0	0	57	28	0	0
ASV65	0	0	0	0	0	0	0	0	0	0	0	0	0	0	0	0	0	0	0	0	0	0	0	0	0	0	0	0	9	16	0	0	0	0	0	0	30	53	0	7	0	0	0	24	0	0	16	0	17	0	14	45	0	27	25	0	24	0	0	38	13	0	149	202	14	22	99	165	39	22	0	8	16	18	32	44	0	0	74	0	32	14	0	42	27	0	20	26	0	54	267	0	0	22	0	22	0	0	0	76	0	0	14	12	23	0	0	0	0	0	0
ASV66	0	0	0	0	0	0	0	0	0	0	0	0	0	0	0	0	0	0	0	0	0	0	0	0	0	0	0	0	13	27	52	0	24	0	6	24	16	0	0	56	21	57	0	20	0	35	42	26	0	0	0	26	59	32	0	0	0	0	110	61	0	0	0	0	40	26	0	0	0	53	15	0	23	0	104	89	65	58	0	21	166	26	0	0	38	23	26	0	0	0	34	0	0	7	6	21	0	0	20	16	0	0	26	0	92	38	0	14	27	0	54
ASV67	0	0	0	0	0	0	0	0	0	0	0	0	0	0	0	0	0	0	0	0	0	0	0	0	0	0	0	46	10	0	0	0	0	0	39	0	52	15	0	0	0	0	16	20	0	0	33	0	27	82	0	0	21	0	52	0	0	0	19	34	0	0	13	62	31	162	10	0	72	81	26	0	10	33	17	201	0	0	110	0	18	65	115	10	46	0	22	34	0	56	66	21	0	41	28	67	0	0	0	0	0	0	13	61	0	14	0	0	0	0	13
ASV68	0	0	0	0	0	0	0	0	0	0	0	0	0	0	0	0	0	0	0	0	0	0	0	0	0	0	0	0	0	5	0	0	5	24	11	0	0	0	0	18	0	7	0	0	32	9	46	0	6	41	0	3	47	46	0	0	0	0	19	64	20	0	0	0	27	22	0	0	30	28	82	0	0	0	8	45	26	5	0	83	0	98	6	0	0	58	43	18	0	20	0	28	0	10	0	77	0	19	2	0	0	10	23	0	20	50	0	23	0	0	7
ASV69	0	0	0	0	0	0	0	0	0	0	0	0	0	0	0	0	0	0	0	0	0	0	0	0	0	0	0	7	10	0	0	0	0	10	33	16	20	17	20	0	13	14	0	25	0	5	22	0	16	0	0	22	40	47	7	2	6	44	12	29	0	15	22	0	13	0	0	0	38	28	13	22	27	0	14	12	18	29	0	0	19	28	0	0	0	9	17	29	0	0	0	16	0	13	17	10	0	0	0	0	0	28	17	0	22	0	0	5	42	0	13
ASV70	0	0	0	0	0	0	0	0	0	0	0	0	0	0	0	0	0	0	0	0	0	0	0	0	0	0	0	9	0	10	0	0	0	0	6	7	0	30	10	0	0	0	39	0	0	0	0	10	5	24	0	0	0	2	30	43	5	6	0	0	0	0	39	0	9	24	0	15	5	0	0	34	0	26	28	20	17	0	31	0	10	8	23	0	0	0	0	0	18	15	0	0	0	0	75	0	2	16	0	12	3	0	24	102	0	2	3	35	0	7	10
ASV71	0	0	0	0	0	0	0	0	0	0	0	0	0	0	0	0	0	0	0	0	0	0	0	0	0	0	0	48	0	11	5	0	9	10	0	0	0	0	31	4	0	0	2	0	5	22	4	39	0	186	0	0	3	0	0	0	0	0	7	5	6	3	0	0	0	19	0	0	15	0	3	9	0	0	2	13	23	0	22	18	2	3	23	0	5	10	4	0	14	8	29	0	0	0	5	14	0	19	0	0	0	0	2	0	0	0	0	0	6	5	6
ASV72	0	0	0	0	0	0	0	0	0	0	0	0	0	0	0	0	0	0	0	0	0	0	0	0	0	0	0	0	0	0	0	0	0	0	0	0	10	0	0	0	0	0	0	0	0	0	0	0	0	0	2	18	15	9	13	15	0	8	6	12	0	6	9	9	7	10	16	31	9	9	22	10	8	9	0	10	10	0	16	6	11	11	13	10	9	0	6	14	7	12	9	5	9	5	16	19	0	0	0	6	0	0	0	0	0	0	0	0	0	0	11